address,total_amount,transaction_count,first_purchase_timestamp
0x6ff5693b99212da76ad316178a184ab56d299b43,78930661.886226114480994185,295,1750256199
0x6e4141d33021b52c91c28608403db4a0ffb50ec6,46750073.598309579382695777,291,1750255557
0xf00000003d31d4ab730a8e269ae547f8f76996ba,32579196.834928018731508285,81,1750255597
0x111111125421ca6dc452d289314280a0f8842a65,27647424.72665356891687085,133,1750257113
0xd65b25d3988a9616e3af05f81d5c114a40b4d1aa,24347921.672893312903334402,1,1750255439
0xf85e95bef8f2de7782b0936ca3480c41a4b6c59b,21166903.408538108764818148,58,1750409039
0xf525ff21c370beb8d9f5c12dc0da2b583f4b949f,18016385.673490419864437002,69,1752577481
0x0db6aea1c7532e14e7253e134d59a4470a8cc496,15591051.189682378664442055,12,1753048833
0x8efa65a321e1443fb102ad6089a0c5576d59a3a5,12769855.137728773549255297,10,1750277963
0x3a1e56e02d5cc9ac043eb59efe3f698574c08829,11963486.917128271628118009,6,1753138557
0xf576509b4f0fe44e9cd2ca9abeaed8d33ba3cdfb,11009653.055601051315516361,6,1753126353
0x3dcf5af4bda368407cfd9540be33a95b4bcb6428,8495668.472344502770060094,2,1752635251
0x5fea6d207267941f4802d041758aa4dd35f16fb5,8281916.144400936499984664,1,1750255439
0x7b29ea370ba006c28a79395ec841336797d0258a,8205436.863622524187331679,10,1750257181
0xcaf2da315f5a5499299a312b8a86faafe4bad959,6994444.383239746896929017,90,1750255735
0xf2a1a06762326f651bc5ed14550164bd67527205,6665050.609205274286335295,5,1750280023
0x6160006c4aa63ad1cb8cc075d99127f9d8948bb5,6091407.379645898724847884,98,1750259543
0x7ddca58cf32a61f8bb38064a463d41ad6d5e57e9,4540231.462313118646039782,4,1753260491
0x3117f6e72b6479781bd38dc3cdbf7497819c90e3,4505432.149334542385163267,4,1752744111
0xc30cf256dfc731193a4fe2b02c89bf1815ec70a5,4438893.475276686130707894,3,1753183243
0x1111111254eeb25477b68fb85ed929f73a960582,4289744.134003841615409839,71,1750256901
0x43f9a7aec2a683c4cd6016f92ff76d5f3e7b44d3,4073640.405989890240434827,34,1750257495
0x8ec48e4f1b860d17513531cf43e7c6f85738e979,3990321.787549488126517959,3,1750256725
0x4a9e40d550676984c85888905c37eaa54e8d086e,3784395.575133285192815387,1,1752688771
0x00000009e70d153a81f4c972dd123c4b71b7441c,3768123.215630543319471303,48,1750256287
0x450718ef4a4e357942d3a9ceb4744658e2d1b575,3678241.627224698654960444,1,1753326159
0x2b6b5ba55589719cd620cd74f162f3c056677235,3637664.031754960530661731,64,1750256623
0x3d8c10373d7ae91282d052a26138ab178624e202,3385381.408220307792854801,2,1753285219
0xb5d99a61a5d34e3edfeea052483f49f7a922e248,3353461.001689323381880375,15,1750336565
0x9a1ee67e454bb963183884e7e2872fc0016613d3,3305224.657965565835193286,8,1750256471
0x2905d7e4d048d29954f81b02171dd313f457a4a4,3200922.641626651640474786,2,1752691125
0x87de791b48f2aeef6fe877fb5dc4a2a64c5a189c,3111660.974027371903458425,2,1753138559
0x0116acf39cf70fefc3c23c88a37e59474e8e17be,3098176.264765482192982598,2,1750257789
0xa62a1dc969e995e28a2e5e6c61487006ea8441c6,2976766.564058270445401394,2,1750259803
0x876406ce1c4148482c7fbc0c9ab1a390f31b4d6d,2854999.920991914224653381,20,1750256587
0xb300000b72deaeb607a12d5f54773d1c19c7028d,2793162.064963149320897801,13,1750257179
0x4b83ebea20ccbea6e4ce88f9075806cf5b7306d4,2418956.402463352850728231,2,1752909209
0x5a48aa1d71084dd7709083b8ec816757528f4883,2207573.846023606489826006,12,1750257113
0x050eb9b2547303112e2de19d2268f0adf60e1196,2130203.584350781784886606,15,1750287565
0x19ceead7105607cd444f5ad10dd51356436095a1,2103986.031665012275238224,12,1750258015
0x53d1b068b5c8637a08f226a1659d736c31d265a3,2079205.156789345375187159,2,1750258097
0xdd1b29d77abc6ba514859ad723a1de6e8c1d6f75,2021796.550476581339923118,10,1750348055
0x5a0ef67d61ea448f10fbf75759d40d83c2ef37a2,1938787.698854584249942654,4,1753880041
0x00d9bb0245d091bea1d0c9ef1ceb6fb0a27efbd2,1825352.061713414625232084,1,1752644569
0x1742471b323ed19496ee051d2f3d16552ea9204a,1747085.444418990275044718,1,1752844917
0xdef8e8b4e43a6179462896a6bcfa21f4449f5397,1701901.211165390087481162,2,1750256909
0x91b0851797873bdbcd8a2a519a92fffcfde61041,1690845.859717342972955778,2,1750258709
0x0ca0aec49a3bbf0ca19e133c5c9fe8f661f4e0d1,1679592.13191443777207703,5,1753027977
0xf87c3a52102a803f7bd858706996830dd798b727,1592601.254561186481319223,1,1750270609
0xaf2b501659b8de6b23f84241afbcf43001729115,1556069.216293962215732069,2,1750340539
0x6458c84d7c4b9d9d58017024a636134d26429cb4,1536227.298711703918090032,1,1750256905
0x7f24d29a29649f76773389e11c9b40afa37d9eed,1502210.823068125918376538,5,1752644661
0x03cd3c7d5b22f9553392d26e16dfa00d65ed888d,1501736.219564625003284977,6,1750259871
0xb21af2216f1312411841dca32aeb436fbf59b53c,1345163.635782332299492373,1,1753889007
0xd4bff2b92a51355d6b2b3f6c399aab5c87314e66,1336939.800635989219004237,4,1751476237
0x57939970cd949a3dd16d5116453f73da9fe94d99,1320605.582310771336220178,1,1753027593
0x360c0c5791c76b10095365b1c0c318b8e8b8580a,1320507.015304766795245885,2,1753028549
0x2aaccab9806882adb2f30544b743ec1301634d2f,1283602.128513246325977225,2,1752645267
0x995b9821ca51ad74cb2e62f152c961c2e2d83d23,1265252.214181347062217394,7,1750360809
0xdbea96d929bd013a03b69f38bf18b298cda64348,1211292.75367874460579048,1,1752661203
0xc78557ea4c5826ddbffb94c19c60be7231778175,1175843.788280933814156087,2,1753367585
0x16494ac8a510343ec498f041f56daf1484b0f63a,1175357.324727461053551513,3,1750257905
0x21209da69aef5c0fc4c8f0aa68e45820bc6494e4,1160997.163386570649754736,1,1753686317
0x5c70f49e79a79cac48f077cc37a53d647944154c,1136672.609187172382599427,3,1750284551
0x968bf73f38ec399bcfed2c218c4fd82c09496582,1094594.886216346478171486,1,1752205825
0x8b01ac73c29d61365875b0ad8378ace60a4290e0,1094149.808394539666119436,1,1750761051
0xb28ca5b017f68f3cc758177b35edf0092825f86c,1091305.816506374725353485,2,1750257657
0x856bb73a0a2534b3fca57a9ac1cc19173b7f9ba2,1069411.193984697149808057,1,1751600093
0xf4e423ce220e4d9fedcfebcd755ff9d37dc244b2,1018792.250887671087545722,3,1750695605
0x3ced11c610556e5292fbc2e75d68c3899098c14c,1016184.958087734260923935,36,1750256995
0x1d24457a9ca21283c314cb940e1a5ea1a75ca337,1007977.6796901184354038,2,1751893815
0xbf4e6feb4af406f25a799963e38e1b9da9826441,983547.723929997350769631,20,1750263875
0x6a000f20005980200259b80c5102003040001068,979804.201671901233843067,11,1750260247
0x11041676c7fd86e98904470263667f9ac60daa03,974373.142961835354817754,7,1750311695
0x4ad237c40727a32ba9cd762ec241eb73b59740c7,945442.423689630822110186,2,1750272943
0xaa3b48bac2fedc58a564904d27911392ca1f84ba,941799.124999620518281663,5,1750278397
0xd556f9c3a8cc5e08e81d15c475e34230b04dcea9,921956.338632611023916707,2,1753249627
0x258983b2c432aeb540e966ff5b5e3c7570d13707,878642.09956286727997346,22,1750285691
0x9ec27665f2253baa396df31591f192f4daf7245e,877428.591719538238108473,11,1750287835
0x840e1ae7b953d76ca3115c9cba2d6b320559d79e,856127.018212651169238587,1,1753193709
0x00000000009726632680fb29d3f7a9734e3010e2,817002.831338376391241822,2,1750441001
0xa1207884bf354d60530aa3c43e2f6122aaa6899f,812002.223372509397420874,1,1750273135
0xdec4788f8c2928ec4e3b5bbc8188428a7b5e1630,773770.160721769825034826,4,1750264459
0x2d8d70751175c50a2d00297fc4c02a8c93b64ccf,763987.695007179561754175,8,1752645451
0x91c2562c1ce60dce97ad053236726b1f6a40dcd2,754329.231226745371263719,1,1750257633
0x441e56686c4694ee00608a484e7cebcae272d5cb,747989.300298661982526626,1,1751539601
0x4228f81583da3595522bbc333fa0986538c873e7,739677.810956339629687027,1,1753299011
0xbfc08cfd5961d988f8101f6f5bd88374dff16cec,737277.509021975902641961,1,1751826977
0xc6cb96cc1727ec701e5483c565195b01e3c1da2b,726855.441923539621750789,1,1750258767
0x5f67ee7c662857de43c9f058afe2df49fbefaeb8,726113.731652417706545176,3,1752647515
0x7204035439eedbed861564a71872af70b8ee22c4,725241.681686651341937251,8,1750258113
0x18e603e8267439242bc17ca6aa9b1a1a208fbe43,724165.479991382391553545,4,1751960949
0x770c85396d40546561714f4c31dbc9bd1f4c3809,723308.255110972328634534,1,1750265699
0x65ba4f92d7dfa813ddbd849d9faf38a723dd9b12,710980.153882050035618678,3,1750270639
0x159e97257d0a8a5910f962ed14c27f424b520bfe,684378.893892991402007249,3,1753340057
0x5fc485474cc4a3eb22ecf62ae4f15702dcc0be37,681130.986201155093196145,1,1753356301
0x0215b5ec501e2fd9ebf7a23e418707b7d9e5131e,678301.86486766679489394,1,1752654917
0xc584c66a9f158cef9b4d9ebd66989ee722802811,660143.320645033139947266,4,1750257217
0xdf59407b51fdfc38720e3ef80530191a449c2984,643621.029397139052103174,2,1750294333
0x40e30e32ac76d389e338cdc32ac4f3ae28366405,626823.706589352671431246,2,1750431967
0x1d5faae928712c3db5543dc887c996e06e54cc0b,618138.219226312088851996,1,1750268081
0x5bc43b846965862f1f45f4749a11a8563f26be68,598040.620393937292208024,2,1750266329
0x0de94169f1e7ff699edeb5cbf2629404d0dd7014,597693.208594345590909823,10,1750288139
0xfa3c6b95e7f54177145d4e51aa4b7402f86c87e0,583746.739132264840737858,3,1750257813
0xbdc7099b667ed50a19518966c8d9434d76827bd5,566648.49855863491259926,2,1750260979
0x9008d19f58aabd9ed0d60971565aa8510560ab41,564353.102569943464879089,8,1750275251
0x2178757383e5640a878fbdf0688810618f1fefde,541057.592649371873015928,3,1753183245
0xa2d9bc3c7a78b964c71ac22a33a53329d452d000,521816.577230418104786293,1,1753686539
0xb1fb16f7beb33c0bdc8de67638bfd2827a8d5bb7,518885.150270642528722957,2,1750721785
0x9a7a7b779a5d33ecd4afb0a4da70437f10e7df19,517046.621258126153715883,9,1753274417
0xcaa43b227c2cbe15d47acdbe221b1553684eb002,506514.556264098527739578,1,1750257879
0xfccc00c7bbc44696b2f03dad81a610360a730a3c,504572.938736889529011567,2,1752846199
0x41697e5f0d31eed686f0e7bda5506e31059dbb1e,502297.126944724963779421,3,1750477767
0xd558ce26e3e3ca0fac12ae116ead9d7014a42d18,486517.148240282310119396,2,1750257019
0xd8e8bf2fad7224f6d9e137acf7f90eb09534c96e,485614.430677822035428577,1,1750257093
0xcddba4709cf6e918c4dfad11bf9ba3e6e0422bab,484841.76260748741780432,2,1750257097
0x33677b3ec03770e64a6ce106b8ffb8be8f631eca,479222.798206534407404114,2,1751823831
0x700fa0b05cd310d4e2ad6df00edeb45ddacf48e1,463494.774339688476520971,3,1750274743
0x04f09d2b96f037cc756931a79f193a6950dffd35,463377.042512702600047638,1,1750344827
0xd7ae7ef52af6f3cfdc68f924b57dae8efa4d37ab,454149.887415909042413992,1,1752911409
0x84ddf654322f624e70d70861887cbfdb61d2d878,452356.747060000562175939,1,1753242951
0x181637005e66a1269e06402ced9e8549de73aa4f,437354.933481737185738384,3,1750317995
0x2b85a89c9de527f2241795eab0245cf21777c5e7,428133.009252894455504225,1,1750258933
0x07ec34c56e1133861f9673e940b502b3758f284d,425998.33604760307967487,1,1753570499
0x9a156a9e709afeb767b5ea8bd4441600c41e6e02,425191.409323764946448099,3,1750258043
0x553fab7d6f2979adebff616844133f5b33628f33,417784.975106352278008782,4,1750256323
0xeeeeee9ec4769a09a76a83c7bc42b185872860ee,415886.191708831210883703,22,1750255851
0xf15813149f6a2314247e5b9a6d6e8d32ff891f58,410361.545698088909477657,2,1752759015
0xf91db3835add9ef78cbb49e722349da9fe4345c9,402230.377855849007724307,1,1753243593
0xf6ce5012cda535fffc151e6c4ee5a0dfb851bbc8,398756.092271954493116831,13,1750256511
0x4123ffc81579e38dfff74b75d8bdf21c41e62237,391440.988627577409207646,1,1750259727
0xa5357cf5ab1de32be7157a5ce80bcb1bf96d66b5,389785.624257342957996167,1,1753029991
0x294b7bfd2cdc6b2ebeb039bacc1bd67eb60be74c,389617.958154697672937179,1,1750274881
0x344102138d4baf0880e93a268beae386606634d9,387434.081348989695782821,1,1750483229
0xa75da52d7bb165f1ca159a08b7783b463d6cdd07,378817.881700539215392368,1,1750255773
0x61317f3089f57d7511a207fded343475a97f5443,378067.819216146592633489,7,1750258995
0x10dfe5ed945fbb91b49ddd1810cf267420a8062d,376949.299978679695272892,1,1753513099
0x83bb1e836815f04f92d6f98a7c7fa2a735206809,373078.379864889353901536,5,1750257017
0x59dbdcb7d7d4f3e7c8afe0d60e99c33ff5d058f1,370965.400009805824597627,2,1750315215
0xd003cf35ffe636644d0829c56d5ab865a397eff1,367835.833381409463439335,1,1750272829
0xa63bb712eea0027dcb5b272376aff08b27391458,367530.49175934529165196,1,1752653425
0xcd4b5f86d3c713d3e140012335d1efa1721866dd,361234.267122671541100787,1,1752654403
0xf21277aa4e4197591a3762c974a7df5c1291edfd,352976.104872954951999484,1,1750481335
0xca4c63ca6c9b9a45b8b296733151fa034144c182,342394.941027204421930335,2,1750279517
0x925608d2d17d7c9a39410a2be63a5652e78ea4c2,338270.252996796440884148,1,1750272333
0xf7e17aeacd1d3374d3e026acadb768f2f700fbd4,337678.344023010115809939,3,1750257119
0x4c24f4703044eda12b34dc83a30d191764dbbed2,335375.439786469092850786,1,1750256959
0x3b2ca57e9b34bda7b08d6c64673000a8c6945feb,334522.184516891669386545,1,1750256959
0xfff6f989b20f4f9c378b7e9eac6d45ad0374c6c9,328230.19030921227975848,1,1750260473
0x8b5b9497e096ee6ffd6041d1db37a2ac2b41ab0d,324955.828710100778645353,4,1750255943
0x35fc77ab8f5e9be49a181e2d7cdd5c08cf52c8a8,322311.072546259635245699,1,1752645241
0x5ca12f79e4d33b0bd153b40df59f6db9ee03482e,319941.450812453917216018,1,1750262807
0x43f0b6cc71e226de6191ef6e284d3731261ee083,318890.50589845088165484,9,1750255551
0x125b5522842130403926fe4f5fc6efca8511070f,312518.011127781515330615,1,1753258225
0xbc13f3202522c3bbbf106bc1ba9bd2167a5c3f49,308569.981651392856076304,1,1750257009
0x43ce5b99d37aa1e6543aa8dc00e9e6c1fb2d9cff,305109.461237549043706417,1,1750477327
0x9ba8d62f6f0e8e7d9409d4ebeb266ff371827290,303404.820025080652021534,4,1750257921
0x1702cdaf5481d85f8fc06d967f56b30acefa0dd7,301170.928189180549642706,1,1750273161
0x43867c4ff90fd022ba8f424e204814e0037df0a1,298858.808290904932081183,2,1750257045
0x61b944934894183bfacba368f01b8d7ea32598a9,281940.579537321718146851,1,1750278315
0x6a5efa07ba90c4e218185ad54e099c070b11e386,281397.736671884467191258,3,1750276261
0xaff97cbe9d94703317138db5a07763024d72ab4a,280504.93604021687053499,1,1752469923
0x596ed83b1ef7148ec5b8f775902b21c26e723cdd,280272.012884518143625999,1,1753243199
0x9e05ba0d22afcd2b0a1b4fd3009db1316e921e63,272072.206366992890888689,1,1750258899
0xd3cc966fe4dea84c690899e942c193071a9493e7,271805.361565138585519989,3,1753027747
0xe09fa91a20c8142d468d56c351d1789876e46575,264100.149720778935230546,1,1750272155
0xc6997ffb1c8dcd28c7378c1ce1428eac240332a6,259248.365971080181088537,1,1750721105
0x815bb670fb1703896fffce4aebe18e2d0a2829f7,259005.731839313896161064,1,1750259735
0xdcc3a6fea47ea451d5cba2de39aac17537421a7d,252056.712653897785387079,12,1750292909
0xff2b849561957117ff827b54ff2014d5e8174d6b,250804.637769665299846912,1,1750258037
0x255251044491724783dc6186be5c82fc88e6db2b,249984.423014188412745295,1,1750464411
0x5e2645315ca10252e181ed5a1e8f7ca270d476df,249765.795391188972035272,1,1750313701
0x63d2367ed65223302009f8481c2ee7d3d5a5325c,248996.118947214899960117,1,1753326697
0xba831eb53f8ffa59e2ea1570d96339148e0cab5b,246632.970127777283649813,3,1750381283
0xc729a72cb4cfd2dbb48e4ee29ac52c5a48b09561,246519.947784797133304789,3,1750255783
0xc5ce0230471f644cfc4951c0bf326b86a4004d06,244726.548000540390452565,3,1750478705
0xfe059a37011730138d12eb7c87f7e686b1c50397,244017.691886804919124605,5,1750261199
0x46e5bbba638e8274e0145d36b758cd7cff4ec2dc,242210.613159705738525723,1,1751185399
0xc373956fefaff488103475f77a5190bfea9baf1d,238444.230377929779546069,1,1750257395
0xa63b8902b258c07a9a58d986461dcc6690974599,236290.500249406895905551,5,1750257197
0x0f03c63afea777f61a481d5841a181e076285215,234856.476850445792262498,1,1750275039
0xa7649b73ba193316dce18416f0da1387874c7cf0,229501.698813778350475808,1,1750676137
0x44dbc4ce14f4bcc8d9e21a25d540ee238c658eb6,226740.404589875116693802,2,1750258885
0x07d889ebae9e9203a0443edba3cb5ca499c4cef1,226241.263762106780654725,2,1753050619
0xd7f46e0be18247ad954b33a04be8d8730eab7b86,225004.293730078943940781,3,1750256903
0x06d6f84a2016966a111326c8ff11f0bda648c41a,223964.19930513193161547,1,1753243205
0xac8b3b0b76b7d3762d86a36887281d8eabbd91ce,223449.624884076887038166,1,1752647123
0x2600846f4401ae10ca760604036a891bb896649e,222342.221761241219196394,10,1750291871
0x8ee104182b218fb23b1adab227eb70383c56bfb7,222207.372340771475798935,10,1750292347
0x007bf0594bad772913b998d28dcca1bde7bb7e0c,217877.127522762739087751,3,1750271931
0x8ca103967c88638caf84aaf25ed0c471757024ce,217204.362364508041943131,2,1753844721
0xd995a7c6a31e95a52d8f34e76c2503ef3114df87,214787.525860239888307484,3,1750258039
0x6636f7d26e2543b10fe29d94697699929b5a0ab5,212464.255287268467053026,1,1750256933
0xeffad142f3833b8e30cad19db3de9d3ef4f434f3,211718.122545570558294996,1,1752674459
0x7ae59e1bb1164a6a5a89558748c49356ca8ea639,211594.666235943894665244,2,1750257149
0x0f37f21d11e78b0598835f7df4fb7b4f514f2c36,205045.298684384119460595,1,1750256429
0x3edb9d7f3f606ff3d328812acd51485f4381c486,204364.419855887701875977,2,1750290715
0x166d9615ca7314c42b44986845e75ffba44829aa,202275.237811568369653409,2,1750280783
0x9181816623c4b38aa37cc0c184e429fc39fec46c,201966.123412277226844881,1,1753081445
0xe90dba5201eebfd03e0b5df5946d43c2e955f587,201570.157739598491149223,3,1750472779
0xf8cc1a9df36a847c98f06520819ed95b62474af3,200212.372920465921282552,8,1752915863
0x204e1bd1a20a0c55fc3414b354659971521d7771,198195.537413452737218837,2,1750259645
0x87eb3d208fb8ed6145054094525bdcc2e8109c6b,197135.613753002065095294,12,1750256823
0x922c30b29cb20c1e404abdee0dd8926c2f49dbfd,193958.889928578891114117,1,1750257071
0x3d62fc778f8cd81c1e9d155898eb23360d4f37cd,192182.480535970143789908,1,1750293891
0x35fcfaf76ae7f1b41d5fb831c343a2230635625e,191631.473488256656130392,11,1750258995
0x900bf2425f4620bb1acbfb3dd0beeb3b62a21163,191450.661246057719031531,1,1750721227
0x933e5734900168d1134295546405e42154458edb,190355.560925924909130702,1,1750257123
0x24f93eb79c848e0b3cb6d02a104deec5416e5dbf,187150.374192434371848345,2,1750256197
0x3c71b7f63798623d55d4496f9b78ce51646a00af,182854.403006303717608982,1,1752653447
0xc46e436943f65490d2bb44c9fb7e03f8c22f3396,182434.727911990809878939,1,1752647809
0xd61ec06e8e3a04e07e0cad501ccae6463beee43d,177548.711701673975699302,1,1750329417
0xab8258e54a8870329d7d73ca985a1cd9fa643a99,177172.591335211317542862,4,1750257715
0xe2f615a96b34ac4e061e026c73be5c613ec21f7c,177064.392551908240053321,1,1750256615
0xbfd9e0cdc34fc9523c84b4bdf54716434728f140,175211.708371118349376146,4,1750303279
0x7153caafac9d949a1c08e42e4ac19234cfffea74,170933.047183362468883271,7,1750273065
0x77e26004d2986df0d25c6eea379b31d0c53e4673,170528.80584055140303506,2,1750257969
0xe5fc075e902135a4dee92665ce359e51e4cfc62f,167071.43893817939788621,2,1750288935
0xb810dbd15d5b07b876752cadf7542131faa9504e,166517.56009505451316409,1,1752652135
0x4202b75b591cadf7e410a733e23e7c79f00bef74,164381.712601399242856716,3,1750359397
0x724a29ba9749f32c5b92522f569f559afd1542f2,163873.934675219157995635,2,1750258301
0x4980fd035d054b1ea99b043bf5bddddc50215efe,162034.424436224244404179,1,1750753677
0xc0750b29c53d3b65e32277b9487a10096ea286a9,159680.951745542062129173,1,1750266565
0xc2c0761b7a3bb1b68d424c32fd0746c895ddd979,158312.516612283841604561,1,1750258109
0xe5c6034ae26948b0283665dea942aa05b024793d,157044.797653775779564813,1,1752345739
0x961088b76a515d437d9e3e1fc9d24bd295ff3b67,155059.905118746530097711,3,1750544549
0x40dbcf7f923f69274d6c895891f8e1dfaaa8ed98,154537.830754025151117073,1,1752682783
0x7818f679db20da3bec69241d0f8b416317e94936,154267.731309000253163169,1,1753347291
0x3af60d75f6340481c963d0b728e93dc0afb737d2,153628.133449801642888279,1,1750258935
0x5b69d1f07dc0db7fec1166bc04dce1f2df3d7556,153098.081940229749112027,5,1750256957
0xc2053da128adfdeac90e94fec617e6ca52e0070e,152066.638863712572719094,9,1750287653
0x413f4c6642b98c47160103ab49bc39c112c3b041,151840.407578222369667187,1,1753206127
0x712869e688d974c0451b9d2a221f00edb5665f7e,150651.638383115932620348,1,1750676139
0xe849dd1a41ddd422c9d244a2fc7ee7f04cd35159,150567.035943833566509823,2,1750409731
0x7210e8baa2b5a0baa693edcf7a8374d60dfba74a,147291.500236563970893569,1,1752309389
0x5c24a3e61deb09dcdad23b30ad44f764f944654c,146888.385279137224547033,1,1750519673
0xc8ee5dbf12e65dae86316bc915e98a5767a859f1,146750.511949545504260161,1,1750274511
0x91dba498df1a85e9ee2fb008f1fd87eb330246d0,146154.425961346184310978,1,1750256975
0x521f7ae9c461d9f61b8ea1533371731aee8b77fd,145988.25518853564313009,1,1750257767
0xb58fa27e3de0388042500596a5b52713c9cccdcc,143283.892450637065473563,4,1750256871
0x63fd15a2b8c8d192d2a2c07e4d36ebbb1edf83a4,142087.196595668082942044,4,1750257391
0x0e07d4989bfe8befb249c6579d167455d4583217,141870.555638841691457818,1,1750315789
0xee4e62e0890c027a3c45408e28229bea1e2ed9d7,139336.267442409720889141,3,1750256869
0xd7f1dd5d49206349cae8b585fcb0ce3d96f1696f,137719.880790162298849349,18,1750256787
0xe65a3f750e984f2591e0592efd3515760b66099c,136017.465780825761003811,1,1753245521
0x79287b882ad5c0609bceae10b56f030fdccc46f9,135867.23954119198573568,1,1750291949
0xbeb133f4fc593d02853fb8272c5091d6ad313708,135351.190733527579228096,1,1750333087
0x923a77db91a8c81c92d17c2dfd549405f7e14919,133799.765409857907704245,1,1752948645
0x3708571e078b9b1933bcf3ed54130da05ee30269,132710.18654038905910281,2,1750255801
0x6fbca579d4c0921dbdcc0e2c4b04a466ad5ef803,132072.155564859670083491,3,1750256509
0x86a0f27c1730210802150a2db3e7bca2027ad630,129297.763875047325186697,2,1750415785
0xb8a3e49f479cf6c1375ae5d6c5d315c33273ad4b,128507.819568439422698425,1,1750256873
0xe5dc0ffedb61e9b83b1890be7404778f3b81b515,127963.490075438661219007,2,1750257311
0x52f349edd4dcb7a3c60bf3066ce9a23962726d25,126254.390599537965319377,1,1750443169
0xc8e52d148ea219d21c874985f422e28650703236,125261.082319559920292488,1,1750271131
0x48a0096b26fe285138b294afe0eb1dd705071dca,125225.09960061049727882,2,1750365133
0x23e5ce857e1b970bb63ce7379dba94678f421392,125034.72967918701476681,1,1752027183
0x584510dad346f51096166083b3e87bfb7918f72e,124735.677009880070637033,5,1750257417
0x25c56fa2e41c19b0519c1b56671a9e827ea8faab,124449.127826936319530518,1,1750352607
0x8d7bbfa0506ea95c73d864310818acc3e5fa05d9,124262.619983586611201657,3,1750257301
0x6539ea4f969943fe26e610d8cc9277c8cc0772ec,124120.875315322458380222,1,1750257535
0xb18c360f6898ace50707b0d622111e07a6ed7f65,123980.736241045695277726,5,1750257467
0x4386800252f182141277eff693cfe51b8eb4b24a,123451.375693211641469184,1,1752644889
0xbc6fc66016f2b8caeb9fca2624e84bbdcbb51a7b,123143.760441585005712924,1,1752644937
0x50a9a2a6625f5227d957d36e3c29bd474442a66f,122926.053340991357356479,1,1753553995
0x3feb789a337e7c9e82d6e1ab16f1c9ac116c6956,120531.628259047708284313,3,1750258503
0x8fb45dbc1d71563558752417823aa76a5b6e599c,120350.32537850579958746,1,1750257015
0xe3ec6678d92d9c037bdd1eec4a461105431f24e4,119601.950375610160923096,3,1750256995
0xc6aa373c14bfbb7ddb62269f837053099ba5da6a,115165.852190422047317894,2,1752647339
0xcfd050e673f3e0f4a13d73b2e206f3913f179476,114706.235652923462608641,3,1750257425
0x9a3b9ae785c399bcdb04115fe78ad866ee39c877,112215.295030649716854435,1,1750292487
0x530dc1d9f6212ef811ec383ede158ada5bdd75ef,110290.622909795232600764,1,1752653353
0x673b214fad238481e7b824de44f05283843ce6b0,109202.21655339494653712,4,1750255971
0x3803c9ba402131125046a792064ca9a856780d1d,109175.940409976481910923,1,1752653529
0xf596985e229867b6d63da1040c6e171ccbd9d943,106850.160826266001136835,2,1750256449
0x895a1154d8bf767855ea95b610f6c1772996d3e6,105902.698763310194809747,2,1750257291
0x3c6ec8fb33537a487d097c4491d3d81ae43c5f9d,105523.750081660210432282,8,1750256401
0x88a652ed8fd3ca27ff2cada4bd1ba027a3a84d05,105219.13193947293449344,1,1750257011
0x4a555e2afa8fea4ff11deb3b4c7928e8e986a77c,104796.754214770825368479,1,1750280985
0x0b162cbd60145129b27c449edb0be3777b6ea2a9,104434.012500776248483965,6,1750257481
0xef75508f3faa65488ccba8eb96771dc43e27ae6d,102987.520732679660311253,2,1750313099
0xff03e4519e9775f0d5388ecb0bd2a8cd36d9a457,102926.79550875104020414,1,1750278539
0xe6787a6ea1c9faa825c26640cca4b43c3d8b8d95,102728.893779351242599233,2,1750285215
0xf9bea0dfcf254985b435b0a98b249533944a571f,102273.212055080282705183,3,1750275205
0xf10de50b204e256ab3c49553bc57910c032cfccb,100726.078788535798530639,6,1750256355
0xd1e225b4f3d973421d2a37d23009fbfb0ab45aa6,100133.067960978104106478,1,1750260755
0xa5d782cd7763b13a18c251667eac1901672d1a4c,100068.556078900171952786,1,1750259699
0x81b4e1ee965779a24ecf4375f88d8919271bb9ad,99872.510210775548005305,1,1750257189
0x65e9a5cbfee2ce93dbe10d542b07b8fa765ef0fa,99498.255708626738042881,1,1753028095
0x42a045bac9c01d48b16618385d6afd0dfea3c29d,98021.533648869576943817,1,1750296453
0x98e0b5cc4f212428f6612134a984df0a4cd1a9ca,95405.059859756727113914,1,1750258217
0xa2cd051cebf6f77eb211d19d7038ed8e2010b7f6,93725.248052858349480172,2,1750257453
0x7720f2ae5b2e1e2f104eecc0dd4bf9966e1fedb2,92671.778415684058424855,1,1750526991
0xd7ac0dae994e1d1edbbde130f6c6f1a6d907ca08,92307.408830168763851557,1,1750270911
0x1be8be2782214ef91bc1b970b9b1a55fc7cc0ee0,92291.190297004206053156,1,1750258531
0x31f599cb1dd1a8c1c0ba5d5d10a803009060cb2c,92112.265458201501476654,1,1750264299
0x5a586f70bc3d8d8a12a14345121583fa7f935355,92079.607419713937321768,1,1750562571
0x47e3873a60f77e89c80f7397071c5cc50eb49010,87849.096087882652557803,1,1753348573
0xcb879b9366b2d2269f39d719e422ad452ea3757c,86373.723132295851327689,1,1750257167
0x55ee5c6b88ed5112e8083337dc13d607abc5245f,85628.922128960187480194,1,1750262935
0x021d368014fa58d4a18792489e710269c7c09b0e,85082.184871057519741455,1,1753245585
0x98add1c7dda218f333b5216f89ee14bd8cb99c48,83957.409158789678396671,2,1750289255
0xbe3eb1012a0122e52a23dc455c79f19fafdf7be9,80654.000450833546807876,5,1750257779
0xfa438b23defda1c340c081fbe6dfcfeef0d83b81,80367.596593888409861413,1,1750274703
0xa49f4bff67bb0359396d6534c955386604750174,80196.544576168977567541,3,1750401981
0x1a5fb2f170fa76fd8bc46371d65e76676fd8f45e,79474.988186938627369356,1,1750588581
0xf5bb4d41fd82573a5dfff2d3e87df8f28a281836,78750.979709981323973366,1,1750258167
0x852e120fd0b57fc545c9b87bda83d6b1e6da9a9e,78558.239237276843770478,4,1750261291
0xd7e4abb483944c32732aa43aa9c876eeb805e201,78508.786560463539737323,1,1750255605
0xe033080a0486898af493fd8430ef33aa64c417b5,78469.258353067684249133,1,1750257333
0x25e2a352478b83dc0de5d74bec53a8f13d4062b6,77039.074702381691634303,1,1750257249
0x2f2d8d26a2eb43b37000c3b0dd565705d19b4833,75799.082145752772346132,3,1750256627
0x5a27be7c11093791c8413fc9d5bfd3cbc0e11a8f,75731.181342277469616566,2,1750257285
0x0003696f44a47a28c5815e3b20079d02ff22d42c,75619.251094886767680593,1,1750293205
0xb407f29d00e0b824bcc28bd2dcecc7df0664532c,75614.433051842725541127,1,1750262373
0x4589bf97ef5d481ffae8841699207651c7a0c553,75073.451358735633868613,8,1750258969
0x39f55d4b8f1a358c8e010c25dff93dfca073bcb1,74447.105627010022504573,3,1750257063
0xd1a43b3ffdf5144bb15c643a6c2fea06ace033db,74151.092431585370609449,1,1752647513
0x67cab3046938ad848a4ac765887960ed8ced17e0,73933.212131309512647591,1,1753029259
0x1010a303797ac7e028a758c7fc3a7dfa8d35f702,73923.007910631693215892,2,1750255503
0x56c8665816514a30e18ec3863e6dd75e7a26b450,73644.53536440072846752,4,1752654437
0x27ef28c939cd6ecef360e60a10015504e7efd757,73619.728192771113775417,1,1750586477
0x6fc9df13642103c874cd2e10a5d2212c29f231e7,73383.214083146815354225,2,1752771113
0xbf8ef35eb7227ff3a736451333641774e85470df,72989.350474798658417989,1,1750256969
0x4c4689820a71d5d1d618b4f05d5226ca4b021019,72041.816634810080438178,2,1750255629
0xdffb5ba0d27e056348487eb0ebf094bfa02926e5,72033.9077736541290641,2,1750440577
0x77bfecac1d1eb046d8a75c1d4cdabe267180646c,71207.883532540879968413,1,1750257203
0x0c38b0f1ed18cc36a51fee6fc4ce0873c13046c5,70548.262529364115179038,1,1750340011
0xa0aa5893cb5656e18fe688695b47c0aaf6eaef16,70537.70393944710594017,2,1750268437
0x7a214d7a0a61aeba193d9e39c57c4f4d9fe20c7a,68689.269786905879804018,1,1750257013
0xbc6cbc95d86a6a9537375640fbc0cf0db8024268,68083.385058194776533668,1,1750257015
0x4b2d5b45c813aa87b10525d795071382d6cce58e,67156.658378136563671732,2,1750257095
0x2f6f8bbc901e3bbd9ad3309cb3bd1dfd8f74d984,66805.707700875127005442,1,1753271493
0x2b89b683dc4a48e0a3a89a260ee66fb31072de76,66742.919939008187982033,1,1750264959
0x96474456147c70651f37dc7544a190d80c839e85,66469.236555667359022799,1,1751867899
0x2c6f7568ac007de89b41683c6bdc082ce22ba85b,65179.773391999589023142,1,1750272553
0x0c887ef03bc8508619c2ba3c21f5580b1e5bbafc,64124.744817861194642208,1,1750263247
0xaac70ae2b85fe50a711f7f11f71cebecb8262a70,63306.628655892551231179,1,1750272833
0xe47a339cd5b5d2f617114f7c6326143bccf5a40c,62392.678738066271558897,2,1750257431
0x54d51b35e2608ec6b39f757b92d8bb3b68cbf883,61466.168348620706035751,1,1753326271
0x050b8b7e2d402be95615e4d935eeb6f915b943e8,61422.035010155491643466,1,1750270949
0x1defbc72ad4ba13bf541c779544a5c5abfcc1154,61372.454977724439159043,1,1750352817
0x02d10f41f3a88614c63f718272c60da7bf37a53e,60564.73711116128846186,1,1751888131
0xc167a91bdbe8dffd71d7f74a3ce4d6b5cc42b6f5,59506.994026193512066145,3,1750430939
0x97a58f3b2f375a9dc1e8ae48b2a9b1b6ffcd8dea,59157.715958126873773976,1,1750255441
0x7da802843baf9e4c77086c4e84043f178dd27ce3,59049.942476738322689052,2,1753292741
0x6288f26864db0a27b8247a4398bd9170117ee999,58639.179374029970201999,3,1750281411
0xbe8d72cfef27eb93e92ee68903db7f188bc6f4ff,57944.364073614425920524,1,1752645319
0xf5042e6ffac5a625d4e7848e0b01373d8eb9e222,57416.290075188865651413,3,1751062833
0xffb326e46c4d171ea4c613c84fe35b2fee8112a5,56756.192798455349109087,2,1750260237
0x15b9a0fbd44f0998e3cfd1fa6abb0c2666cedf60,56543.240612007449496443,1,1753267077
0x446e14fbd612d59e09264205d3be0b7bbae06dc7,56256.787146201023582049,1,1750262701
0xcd99e179da09812825fcb64aa7e01893aefe8b54,54923.225096933861292551,5,1750258075
0x7dde37eb4837b4acf10a5052d77bd19f57e2f126,54824.001442966863290045,1,1750273203
0x543f705e614d3d2685df25b4ede557c05c35a2fd,54566.260281806970665451,1,1750265985
0x254f18b3d2bfeae6931c2432c6dd34fca16cb954,53832.235797854312628872,1,1750256991
0xb220cc68b9473e5e20a898458177b0f84c37bb2c,52700.092725475639087023,1,1752653283
0x3c282f07afb372bc1ef67cf18ebd80f7d74b1b03,52437.822880027257356787,1,1753340901
0x8ba81bfdeb726443e13c5a88ef072cea21275584,50816.508379680475315469,1,1750260255
0xdc94984d9c65975ff7224f05c74f17b660662d6f,50685.724063124104017177,1,1750310371
0x1ba2fba36e3612f9694a430e33310974e5c0025d,50472.439654356612955142,1,1753884879
0x62d91fa442943eb627159c11487ace84a00b80b1,49050.954508266237220786,1,1750409865
0x911df7405f432c9dd9f963a47cdb67478685b120,49012.057512556973855247,1,1750259147
0xc62e88ad4af9361b2b251b121ec7184c3a732ef2,48916.284619923910705367,1,1750256965
0x923782ab6568241da51a5cd3f20092bb976f8036,48241.879377140552774833,1,1750271651
0x4ae5d431020ab13be66836c982d11c83a69dd17e,48031.858588279587521106,1,1750341535
0x0bf9bf7b062a04f14faa27b75392bdad638fecae,47979.607958576139478182,2,1750257293
0xbef93febe1fe5ad75ed76a0bce09d13d00303874,47440.324515769801413518,1,1750271847
0xc63bfc1f52c347effe9704411f82cd00c5dc05d2,47252.383846597022682003,1,1750476727
0x7a8fbcb22a765218382338bc6c34bbe197a50375,46473.189082202669693532,2,1750273213
0xc3ed91caadc093218c3346cded3d54f71ed9bc88,46165.085211430177611012,1,1750784001
0x212c0465b529d057da3fc4b0b01704f3d62e474f,46032.130241540675142216,2,1750255495
0x4b60637f6591faec245ec7d95f867f9b18eeda0c,45613.832749984070580995,1,1750257823
0xa66277439e3a01612f5e37cd5926574bee238ff9,45042.451842394270999546,1,1750260587
0x161650100ad7e3bc78e26d6338d6d02e832d6333,44992.099584968662349561,1,1750910503
0x00070999a1598becb7367828fc9441d96fd2c218,44827.530881273142872639,1,1750265193
0x182c4e8777e82d385afb17a79a8c220232df0e91,43852.049727271763679056,1,1750471325
0x1bf83156acf506b667e59b6d1335570453ea00f9,43823.289803210069329335,1,1752976957
0xec843ba09cfd289293f5097a4b4c971a2b4bee49,42211.639560607135621548,1,1750464101
0x92b9ea4b42763d0933eae9782ff119e506aff1ab,41649.821538200847243452,2,1750527015
0x31fbf97d8c62c53aa77d68d24bc4190e1ddc184c,41548.771487057569579212,4,1750491927
0xd3dbf1ae7463fc8acb65af3cacf14ff569bcf677,41419.167957786873198604,1,1753526667
0x6bf9833ae1963e11971d2b4d909e9341567c3319,41395.844525622368449569,4,1750257845
0x100417342cb70538abc22d70c6da258bc666b661,41120.015850058542134987,1,1750265873
0x2b9860f389898475bc3e3c9af45eda006e7a2409,41040.05427338032355797,1,1750266757
0x1fd9d2c14ce27095a912b3819dbb284f6247be6a,40067.453843031440244462,1,1750261053
0x1609332a8c68b1b8f8db442706c06dea135b5570,39198.843836430752922971,1,1750258927
0x5dd3abd8f7734c815bd407493290b9040ed45d6e,39014.37491274702948072,2,1750322119
0x4a924aabb6a78031fe5386fa2155631c12774e1b,38808.443493331327822896,2,1750308877
0x3e362fe68808fe35e345b2e70a537cc06d0fcdb6,38469.178868314753497157,1,1750294265
0x10c3a9115622eea61e3f0e696ab89a6ead82b7cb,38365.311328063904316201,2,1750305621
0xd814e43061c04f0f81603f1063adb2e1415af755,37813.335931878148975525,5,1750256657
0x49de4f33a32861ddf23f33dcc38f37f22d3249fe,36849.86862567629855626,1,1750538487
0x003a6ced621635d1d99e5de7d5d66a236693acd4,36495.814206803283784722,1,1750276345
0x5c16f8ec09a69f71a890c32d76f264a3063f8145,36205.384549660122666885,2,1750260063
0x19efa431b108ca54cce8afe6f6bc5aa78e20fe9f,36161.869833950322373201,1,1750666695
0xf3f3e426f4418aa92c316c6d4f7b36d94da78cdf,36090.459474942376646002,1,1750258293
0x4fc3b50ab3c30d294ab2ab8b06bd178c54157a6e,35633.443560083361394307,1,1751572453
0xfbfe5017b3e5791647954cf53e36bc80ea5e5872,35612.195940187189126106,1,1750257537
0x7173808e042206f21a77f0db741e23aba42782c6,35207.505464258081165096,2,1750259499
0xecd22d17c345008e1a8ef8a7bebe78fd4871394e,35183.04716293810048805,1,1750265511
0xc7d712880976fdf584f89a5cbeafc3e9f3dc5220,35027.379476835251671462,1,1750269853
0x49bd4dceca0dc51eea51cb8aef7415e46032ca49,34584.07001327949171067,3,1750256805
0xfc3e8498ef743724a39e33bd855967043b165056,34564.625203766770335379,1,1753781339
0x72976eb879a03416cd08fa37362220e531804ad6,34488.932975438239156247,1,1750319911
0xdd6b0e7125c1f37ebfcbcb3ce8f712b8b922d09e,34374.864383061820895265,1,1750272499
0xf2a465e59f7fd9a3f7e059a95abfafeb96455000,34221.990818371759065001,2,1750364459
0x0d72e311e5dee69e8b3ddc891c949f030384fad0,34015.464623693413693351,2,1750267595
0xd04024955caecbfee93cf6eaa215187d062b20d1,33455.189648488639149,2,1750347005
0x573963f100e9c2728496f7c4013a27766bed6ba5,33354.479936074027672539,1,1752648155
0xf2fa9105e5bfbec4f9cccbb7327181fe9e20dded,32969.564960525911410599,1,1750420039
0xd41b0ee1e0765fb396fd628aad1313b3048a6f69,32468.804936110328995252,1,1750648273
0x998bcec3b4ee1084b267153319533e37da36ba70,32334.591630736963263311,2,1750331461
0x40594aee4f3bad820236dfca99b6e1dafa66e45d,32207.685395205054747109,1,1750257349
0x6cb06c8d059f06fa2ccaddda3611a0f2f201cd34,31863.193980247785933194,1,1752654375
0x513a36ad32552a8939697d12a342f8ecb124bd61,31836.645403060122493341,2,1750259853
0xdaa5074a406a66344b25b6298f5f55dea6d2cac2,31748.543648444668546165,1,1750868515
0x87d78a620488ef94ac038b12ca201ae71c7a137c,31410.835235992500087203,1,1750273081
0x45ed2ca1768845d89f005c8b22c38a73196e0ab0,31338.878716778016411152,4,1750274999
0x419564b5d67a466926aba8a8c6004e24bd627085,31025.425806937014139146,1,1750257367
0xd918504a0454da4ae3572b3744458056eb938924,30554.474065044183024922,2,1750401811
0xb821dd8cffa732604a4ec87f5ee888af5ce624a1,30137.822058127560982045,1,1750433961
0x0620be72e9c9c9380e44bb7c6473e9d4c1ff3d46,30075.857562319269826942,1,1750259127
0x5f71c75fc0af4423afbf3ed244db6dc9fe6e664b,29924.637872153954140589,1,1750848965
0x9fe4e32ffe575688b0a37909e7adebb27ea7eeac,29804.912815750806282781,1,1750257047
0x1ce35fbeb3e428327cd6e791a756159e6b853be2,29778.264978144586868658,6,1750877209
0x9d5765595a92c560c8759d2a9c375c66123765a5,29551.303626011859240525,4,1750257879
0x18ff840df0cf74464a81b92b643d525b6d12c38c,29373.307309742757409242,1,1750255903
0x6c94b51c3e637fb14cdf05f1a4a83d6f8e912fcb,29359.031191874642135381,2,1752691647
0x9820c366ad2a0b77bffe9239634e377b871ffbd9,29230.865967143234959485,3,1750258765
0x5e2ff1fd5130e7d2f940daf34ec21617dd3a34ad,28876.231212151084922355,1,1750400965
0x3ef1e7ead7046ce0280a38e5d5cb380b57f717c9,28494.54209464047210176,5,1750362343
0xfd847907d5ee2ce8ea2600b54c5abf48bb335cd1,28066.432025948458054196,1,1750262537
0xfd95ec10addea29b3a8ada4bb26f3bb9b5513d57,28043.479388538906256095,2,1750424481
0xc9839f4b913f81421e88590370d5f8f961420b1d,27909.408667254941479209,1,1750508761
0xa3952882a129e1bcd1c8225ac6c01d53d96d630e,27542.438756376282473866,1,1750584563
0x79e46907ae623847d9961f7a7be2174d3c526e6f,27476.174723846422407689,3,1750257301
0xbee2ba88800800f49a0d8bd35969c914fcb8f53e,27454.168179159460283578,1,1750275393
0xd0b8809579d83be1de9b655677b5278240688ba4,27377.002710512444311569,1,1750636687
0xddc08109442d3ddc705f3f050e8ba913f0a6320e,27371.740884605479877038,1,1750671841
0x66c387bb64c240c85c33123bbb7dea82f9985a16,27218.495383270349034455,1,1750712785
0x81ae2ab2da4dd1d05d4a074f32266e7e7aade14b,27161.991309650669957474,1,1750274433
0xa967266d4ef3bc4c9e9d941ce0377e664831a5e8,27040.311645355123968625,1,1750282551
0x4a472b8fb3feb6bd4ba77076e7e3056a41842a6b,27023.297776976058603998,1,1750260299
0x151e5062d509bf6fc1b5345afa0e7397c9c82226,26472.189986667290811235,2,1750309505
0xc649b67dc452f508e9fc6bcb4f349b1e4303628c,26421.516549643065288593,2,1750680473
0xb47f278b2a22f48d3b4a13e198b496273e88a8f0,26207.754070490590517822,2,1750256499
0x4cadfe63af96404bcb3fbef877dc7aaf2593156d,25999.435683673060899449,1,1750967959
0x18d8791869e2befe1f3d99cbf4f62b102e94d2a1,25991.21813018046366766,3,1750281615
0x50f121a5ef0f3551a8cb49f8631f74ea771c690f,25940.05273570087526143,1,1750257355
0x9d42b28854d0da4766bf6b63391738f26ef5d2e1,25882.53137769597520454,1,1750257367
0x86f4d10004e445abd36204ddc351e0d0d2032bc4,25694.962926290936374529,1,1750574373
0x62bf402e020f08aea52ff199971b2aba0a29afcc,25529.376357208088206808,1,1750261691
0xe04ab8a41c35df6e048b3c6e830bb52dd0f1742f,25480.596301895448235812,1,1750416329
0xdb2eafcc2552bb3f35b4b37c3f5b0a571ef68b60,25393.385896503918790199,1,1750257883
0xe74548f4a19d1dbd374f5f2cba8a4ef65e2921f2,25096.741160240389437948,1,1750258649
0x5ce91c46489e25de284ccda6e42b2c1189fada90,25038.316146545073913784,2,1750310105
0xff5d92af22b6b17074faa6bdb18638b4043d744a,24694.758969328569676492,1,1750257545
0x63b4949ca70ac052b07aabfb8091496c50e9e453,24142.014009688718491584,1,1750258741
0xf5aef882a95c9fa5cf0f493c32b7cf3ea99ac9de,23864.908888351038430454,5,1750255541
0xe06dacf8a98cbbd9692a17fcb8e917a6cb5e65ed,23780.641800679075018188,1,1750258117
0xf4160e2470f0d03ee1ef530ad44d0d82b6b1e2cf,23703.007655452336384489,2,1750278341
0x490283a8ba564d7a3f436792bceda6e4cbe93bd2,23633.830711683296211299,1,1750257431
0xba7fe1e146a1bfc1d8529266ae19fa8c07c6a015,23575.141895524618884694,1,1750258975
0x730349f24810baaad22c4e04a9752b98f9d3423f,23565.097054419000601674,1,1751117641
0x9959dd5eb6a9009f3311d2724440cb9a0109d978,23321.906209895488845853,1,1750284709
0xa2d2cb211ec307322c91f10d8b6b5827870089a5,23120.347984811536517273,1,1750257081
0x5c1a28509f4ccd6cc65284bfedcceefc824536c5,22831.973144388281106562,5,1750258071
0x18923928d231a0758b4a50c3e8ce5f9a44c415b9,22806.512240721326206771,1,1750256483
0x3ee20358eab6235c236541ff4fccb834f594b0af,22785.707130705721333397,1,1750709617
0x8b4de4907c2cc6600497df9aa1b6519f679df288,22480.883670420772141925,1,1750290517
0xfd028ab5c18b15c06a3d0283f95c5dd436305bea,22377.255747247012361701,1,1750382373
0x5ff17a4fec7fc95f8c6751b62b1fc0321ebdf374,22271.256718381717167783,1,1750365687
0xc484d9d8100971259e890643b9200dffe1d85737,22108.825826367268343165,1,1750274119
0xdea6f1e420802ca112800183f379cc2e45f1ab43,21902.819614633048908355,1,1750257187
0x4e2956e92e9f898785d95c59aee938f291a3776e,21873.245056984072067158,1,1750260559
0xe4863335e7d3cf781187452eb6e8e1d14c1c0089,21796.093397041251083965,4,1750255513
0xacefef5ed13c2d4d0f38970e5c15b926a9cbcc70,21622.378788383631020873,1,1750291301
0x46b0fa4fdf2e24e9a3d62dc10fcc576f1af2e2e0,21305.808760871212374758,13,1750256945
0x02bcc9f10be9d31b910b8e4fab76bf5da58f7a08,21285.3136133572872527,1,1750262593
0xe56169888ab88d11c6ad4247b8650e72566f8569,21193.216070134551402404,16,1750327727
0x61907cba32bad732bc86517ef7daf35c1c9aade1,21094.870905774831709368,2,1750276113
0xc76520821b983ec0c9c2d1cad27c59243cd6ed98,21027.336658315023690936,1,1750670493
0xa12a5c2bdaade76e54cf85d72b37975550deb570,20980.989077324981421923,2,1750264699
0x51c48d57bb36783b303ea730dfbad9045221d1dd,20744.919671140796836411,2,1750272985
0xfb83f667693b5952a6d266906b5322e0a5ac5e5b,20633.864794387738453073,1,1750256609
0xe4ee4fc214ed22d0951235f798a5038c5df368c9,20600.847333427808737257,1,1750258297
0x15994b23a13910188ba28a02bd19c50e478bc999,20562.984962008598912438,2,1750258925
0x93ee3f8fc75f2a69667c89c7b8afd90b25c4f533,20306.414743601612723093,2,1750286035
0xe00b9f5a4e90199d933b8ac50f2ba7c99b15b0fa,20129.475186319193671218,1,1750257035
0x86f7e1d9a9d11e64178c7dfe3162be4d5de1ec52,20085.573738618978969688,1,1750291643
0xba9e4928410976e26c3cdc7fb36e4b730cd923da,20056.27133101244345091,1,1750258415
0xeff29926dc6eafdfcc27bf956bb09b726557860d,19989.905135832328069599,1,1752912521
0x5986b17a5b5f51eabf8ffede40287b50111d57db,19410.026486129392296037,1,1750265343
0x49bbf0d1f46e24a039405549c4e64a288c8f42b2,19382.595605326185261157,5,1750256831
0x51eb410b6551f6c3a846ffbf8716d230f26001f1,18861.976915571055943094,2,1750288225
0x366c0bdc85f0d0f5000fc85437e15fa50fa768f8,18432.6738935575711008,1,1750264993
0x7763ebb81fd144d7ccf93b992611b101048c0a96,18264.340032645040083417,2,1750318707
0x5d63547b61c78ed90ee355fd9e9a324c39e9a816,17947.501523497087338777,4,1750257019
0xb0ae2a6c8f4579aeacef4b2fccb771325bef56b3,17736.15557128317041482,3,1750406847
0x1301e6eafdcddd6c78d4e0b22aba1d3d118f525a,17690.179544934766824072,1,1750255947
0xf509eaaf904d9e1f1c8b52401014bae399b0ca7c,17318.042394988005403439,1,1750255891
0x13468cbfba2c1f50a5643862de62580eeb765916,17282.6775343906684045,3,1750975167
0x082764bdbd7729251ce0d3836119b49ec06e22d4,17257.534447099715798575,1,1750255777
0x25e7e5370a0fa5f479e9848968b07406cd9c992b,17161.910345319640771427,3,1750263651
0xd5b5ffa33da310fcaf55fd60e0db01db5a04abd6,16976.876117959046449055,3,1750265275
0x32202159cd2c7bfda94c014fc2932d56ce674f4c,16949.166835926480856488,4,1750419029
0xac95801eadd81f7ad5e87653820ef707303d4584,16896.348223555600613639,1,1753648787
0xb464037bb5f378cb46707f53b84a6e8898f8f902,16836.484668281311234928,1,1750279855
0xef0887faf58ea543659fdc85a551e0985489177f,16832.647718605079271671,1,1750267559
0xf95b70a3420b437f0781578d36edb2ac3197c2fa,16823.863890703216847532,1,1750452379
0x38d020947cde613e2fa85bf1c6f703c74ada5d0b,16754.413703426257915192,1,1753356333
0x4057acfd7dfa0efe426d4187b7c03a7a2d0b12d5,16744.111172851860479886,1,1750257237
0xfb8d8cbcc9978ec7ae29c75c0f5f0af91865dcf1,16697.339973728387259521,1,1753346903
0xc341c8c670c05c2845e5d0bc1506d372f116dac2,16683.112614455097100675,1,1750256149
0x9a74a8eeba3e2aed97ba9bf88db12fa38f901391,16615.500355762210731211,1,1753628917
0x2c1aa52686af9f0a52f8a70ff33f2c24098ec79d,16493.725532289451074213,1,1750261943
0xbf5159cd35d5826cb9e82e6a39f93312833ae763,16321.371308305042632198,2,1750260235
0x12ef3f538cda58b446d346bd09849a043c525eb7,16152.411213391751446762,2,1750333679
0x79022d8a4d34f7542f84358a6ef8479951cf395e,16040.093953491158819479,1,1750256863
0xe394c410acadb7e0d352e467fe91262f1c3be1d1,16023.137852176408862395,1,1750281273
0x1e0ce6005ea42a9b65796898ea297f515020eb6c,16009.79249365370664897,2,1750284585
0xc81b30509a694a5caa6fcec56e1e111588ce8b09,15933.620021051127750623,3,1750396373
0x0afda868876453de34beec9f73fa32ef757ac348,15670.58682903920442722,1,1750258341
0xde8a68d24c9542fc8c1ec6c7f881543d92404bde,15445.693148865913380529,1,1750277775
0xee30c88bf5ca901acdf4ab64b38b866975189179,15420.222389893342123116,2,1750281645
0x1e8fc471029e0866c3c55a0a8e7c5632f744c6b0,15353.713667629482988678,2,1750293657
0x7c7f9d419fe474735463416713c5337de948c830,15270.131571652485804418,1,1750257975
0x5a3987a667326cbed1a3a327229d44288a3a77b6,15242.806337614780457598,1,1750257461
0x9fb9c2a6f4407dd29b8a39199237d408e5bf783a,15236.397630388193992054,1,1750756109
0xed0b36db8e68febde0c9f63c0f613f5c51f5c65b,15225.719600675802761364,1,1750259467
0x154e9761beaec3d873504906fd1d80ab90f53301,15072.703494094322600368,1,1750273267
0x8fab414992c5f8b9ce12610fc54883e4d1820be8,14986.181188012688495302,1,1750257519
0x8b8c6fc3e47c7b0242daee0c9e4d8c5c09068b70,14924.860332771649088388,1,1750256893
0x289e43b86f7395578a611404a1669218ea0f871a,14702.349471200147242717,1,1750335333
0x91e6c32c2edd1c9c951e7d68a656b425e249d373,14540.217699490975898262,2,1750258847
0xe0050f2a8aa898da5829c5f1a270315062c56d30,14402.246914044982501123,1,1750257301
0xa99ffac805b28fc67204b7f77e8c11aa1f564e99,14345.044217339045165144,1,1750263123
0xbaba775a0400a5e442335ceaa4820edb1ded8f73,14332.042957149715873556,3,1750257963
0x417f4fc4d866480c40a1a8057b8298e903a09f33,14282.966415509829904088,2,1750292559
0x774bbd958a249ac1c1bf1406bebd444e355c3d92,14081.455543528842182388,1,1750796335
0x1445d71ac8ba8b21d77d41ef0cca18b692ecae4a,14064.857603309537030472,2,1750261217
0xbefba576bfeffa837b121c46decbd4b6afb2dd52,14055.871034690917436442,2,1750296667
0x7d9ea6549d5b86ef07b9fa2f1cbac52fc523df65,14027.710742614451330628,3,1750257157
0xc049085709fc6581152c1e1edeea53fae58fede1,13990.879228646675561322,2,1750259229
0xc4a297fec097d5bbf2ee16bc8b181482ed8bb919,13954.154170375223165992,1,1750285151
0x5bf89bb7584ee52ab6b704dc14a7acdd6689a51a,13954.116020309788651007,1,1750256997
0x32b089d8e3c9d1981978d48eecabf910773c5cb0,13863.844416475941407752,1,1750275175
0xeb82afbaf74c6acb7e60e6683f6a64c3464bd944,13822.123400734323208763,2,1750257091
0xf74e1f324731c1e19e3eb1f73e7557e1c52eab30,13752.28935624388590743,1,1750255627
0xcc829ac2f0d45d5bf4bfc1bb8eae78745de3f372,13664.282494297054687667,1,1750255651
0x033dba4d784a32164204302027d4abb1dd4f8892,13544.931354450321472084,1,1750519989
0xc61d852880908f7e52ebf215775f0faf0fe5c9af,13443.596450367727915169,1,1750285509
0x7d7aef98682bde03bda5c66698457645a898f5f9,13215.766266769320263039,1,1750569559
0x452d6636c64934a7d620686ca27e1fa211e2c66e,12949.950341962973269568,6,1750280219
0xa3d15d2efdd2a93e5a4bf07d69efe4a142a347f6,12866.165809141709066297,1,1750314519
0x685224c21bb56e6c0029d3f22a9af3bbc2c609bb,12743.572327141643530781,2,1750267755
0x9dd6d83f887ea7fef815871799907300b9569345,12692.262341109470491557,2,1753761987
0xe9835b0f129ecd319a48ff07101c77a077fd6414,12642.39086446405514142,1,1750277157
0xf61ba02959509dda03deb18d63ce68161f92070f,12589.04936270016779267,3,1750257623
0x8cd6dd910251d3c390ade89b198cdd0b6d582613,12549.788586841313897635,1,1750337215
0x066de4fe6306c3b1fee7654d869e5393953df4b5,12503.146781177467787872,1,1750275981
0x9f1d1f4b77b868159920f36794f74ddc7cadbb5a,12455.17017487149340303,1,1750771885
0xd23fa7559a95b692e08f78f2b218c43ac5411886,12075.971705126275169539,1,1750281599
0x372ced7af27e31828db5ad1d1b09417c14430fb2,12036.424233966998563659,2,1750269709
0x002bdfe8a0e4a775678edacb2c7b7ca228f83e93,11946.2528148017026782,1,1750257545
0x1409f64adb5aca8a591b31dfb41e45726c5e6fe3,11801.712813384477149194,1,1750287353
0x0c039ddbcff3969aedb12114c8dcac1b4e816775,11768.505606158122622334,1,1750265275
0x0a01f68c1fa3e13b608bf0596ed88e68fe73029c,11478.723428525110513543,1,1752653895
0xcccb2f7d6d5b7fe967af6de1e144d31a3ab364d3,11419.084090400735369384,2,1750477811
0x9b5fc2ff0988820645b44a2c0fea6a98ea0958bd,11409.591971188186959223,1,1750293609
0x5c29d9a524e62ce9186f607e1dd39e99758698d4,11388.878225394041901782,1,1750262299
0x2c9a4a119272c4487b07f9e5eb9b975a51986a5c,11385.883656428041575395,4,1750256765
0x1110cd5a71f1b54d4dca0714fc0062e6d89b39fb,11367.919752223909564332,1,1750306561
0x58c86637c84730d61023eade6e5d8b4792a1097d,11341.474873179012005182,1,1750273065
0x0c679023e3a149d0461e4f3d3bb0ef0daa058d91,11247.194454619944887449,2,1750959701
0x9c07a601c16d37068268f939231c367352f091a4,11216.224978871032927452,2,1750288131
0x91494592447386a07cac9d830594e9e723893cd2,11203.372886300725502707,5,1750256489
0x6014f82f50d265d27832028d50da0f1f535c27a5,11198.014303958183988746,2,1750257697
0x51bd4c735927f958a90db80398826ff47a9832f1,11150.834833898727158301,1,1750274291
0xc82633a2a7fcebc711862a77ae77559d39286b00,11146.659565572757957074,1,1752659331
0x00876951f3c5f40344046972490423fc11c6096c,11126.996060087825735556,2,1750257029
0x31c4d357f3f105461d59387cd40cbd12a1601e1d,11100.404427146548674951,1,1750257037
0xab8c84cd8788ad7edc453724cc4e015144a6e338,11059.850534132993260177,1,1750289145
0x7ac48ade771817025e117c3de6254c7f02ee6a4a,11050.109818567426814338,1,1750268785
0xbe6b4b9d33e15e17a3852a6e7bfea0f0a126363d,10893.992242922864535982,1,1750257535
0x14063564a7fc1af9e391c662d13cafabdde59eed,10793.518032283111914198,1,1750259855
0xb93b056976b578d47fe702334810040e8218c580,10763.692164186107218645,2,1751270957
0x1afbd5cb09766552989ed247fa9091d337b3d63d,10752.565502130161799725,1,1750255783
0xc214e68532a8d94b115019618f214f89d51d9900,10738.755684578825566823,1,1750305829
0x2e00102667e3638c8e6f6414b3563630a5a21d9a,10690.898092937014616803,1,1750256701
0xee4528d1eb833db6e253df32d618247a1f7b826d,10656.211141869279810994,2,1750257113
0xb988d35b3585c1fab5959f3ec950f0c4e7a00003,10486.828214307050517819,1,1750280763
0x6e988ffd943ec1451df0faae0ca48d0dcff08acc,10429.630879316091092371,1,1752745097
0xbd6b34a1d5db3ff53386307c6d505bb4afdc9cf4,10350.166451660360522692,1,1750260169
0x5ff944845d34a7a351dd859cffc3facf4cded552,10349.902581203251243177,2,1750260351
0xfb07d2bdef2deb1ebec001644b4732ab77281c7a,10343.133283894435117546,2,1750483927
0x5baeecf72b59d1e0eb3e7d9aafabef12e4e0d4c8,10319.44986731975558586,1,1750380985
0x3b27739703246c731d6eccb624d192720aca8c21,10264.98420677111826291,2,1750257603
0x6936eeffe1b0d86ab06ce610b4fa2b22920422c0,10247.103845961341181485,1,1752677925
0x1ca3aa0d0ad5a34daafe372e43e6ca55be3b2d7e,10227.605365123349463229,1,1750257125
0xe23d66e0badf53468f0adc07eeb201b6a6e27f0f,10173.121572659773507417,1,1750266145
0xa4a6b31b2c401b2320f875b66c439f3df08b57a3,10167.105415624591845111,1,1750285389
0xa400f50d2c9cba8c7c125be8b37ff04edff5a018,10153.926079805800278933,1,1750256927
0xc75e45ac4e26700b726651c985eda777a796c25f,10139.401917176595044027,1,1753789493
0xfa3db1543a2704a39ab0693bbfec0aeb6389f96e,10105.400675006139412002,13,1750411449
0xa330277a158bb4536cf243c8270460157dc3251a,9983.51842544638029534,2,1750257423
0x73052798213320a043f501b01c98b820ca5c8d9e,9923.259953641131771792,1,1750259823
0xd8961e1c2b639ccdd741f7ae0f45212e76f68eb3,9901.64101939153335076,1,1750257303
0xd21deaa81f5dd97a2730f8e1c57721944e4c15f9,9779.054858736991100174,1,1750469375
0x4957a49e0cd79af07aee79039e0af653a7f7d71f,9764.855331945943150201,3,1750290977
0x6c6b52cfb02fb7ba0839e273b017425ed2193984,9762.197782943944763485,1,1750867173
0xd32489c25fd8852a8e60161ecdf88bc17ad1929b,9760.985809743472899285,1,1752645907
0x05c4e703367f07975b7221d3b62fee59b4436d13,9658.820117581867747178,1,1750259329
0x59fcc241d34e3d3f6c60953f1ec44ff9194c51d2,9599.155607698680523572,1,1750432017
0xaaff96352ffb502c24b77c28e45f73cc15f7fd8a,9440.777961277131870794,2,1750295531
0x9205dd3be62ce6145c35f762546577479ace06f6,9283.706502873077047826,1,1750530103
0x36268dfae0b96d2805738ed39fa3e0ef15299db3,9222.473616856569155897,1,1750342899
0xf4f19efbd530cfcd2c6db6bb82349c7d068d6607,9199.259278423025066929,1,1750291455
0xefa433a6bd2f6eaa9185dc17f4a2be857bb65ef6,9166.561518941430770338,1,1750260137
0xd684299606d56fc2c323b83e37d9ba77a1a71cf2,9116.221964670871031901,1,1750257077
0x4715ce8792e5d4423c8a14c4b6fdd37548eb9a8a,9112.509753664986914508,1,1750264227
0xfa35c3d567ba9eeccb790ab074c3e4dce344bda0,8976.160952040823120484,1,1750349683
0x6751da582895199a00b8dd0fc3e7c825f22f934d,8968.318649570510403501,1,1750410055
0xb3547dd2dd01f425d5c1fa766e8e082eb463c5aa,8729.890283545247588204,1,1750501305
0x891a5151535c83ddf8d0fb728f694c17558f0d72,8709.258737772045950718,1,1750734681
0xb4f44c9f6dcde6a04fac6954191f02cc567ee6ea,8687.352697696570231373,1,1750432229
0x879ab674f151255f0d72b185bd4c11bdd19c7631,8669.254507248898731109,2,1751519705
0x698216efeecbd1e3fead43878a89f85f93997dbe,8593.873204754572434158,1,1750263237
0x9f3dd209318137b406944e2344fde60926ff7f2e,8524.803846840860290805,1,1750364515
0x7162b4a4a22a6e84859dee57b98e2f90a37a1ce1,8508.284605610124490052,2,1750359039
0xf099e9cff2d86d77e9b32b887d2e762016d03593,8478.65708756515969461,6,1750462331
0x33af2a4745a1dfc2268f0d92438fc732d35928c4,8331.663712445160921539,1,1753391257
0xa15e0f99dbbe3ee6ba12a9d1a9ad30185aa428e9,8321.406919890532270241,2,1750257665
0x6ad15117eb6bfac2d33885ff050dfd2ac2724afe,8234.360430342353194415,2,1750259253
0xf95a1dc49bf446633384974df5e14904054d21ba,8057.84061569351904474,2,1750257841
0xe1b4abc0dac4ca961e7ea2ba4ed96710404ed848,8014.467428358371732875,1,1750257349
0x99d9cd73c21482210250e7027cc5a2922b2c6c7b,7940.476471845971855837,1,1750434755
0x8389fe218b2e6a0000d29c19de64bf2ce65223d9,7894.922195538573757336,1,1750933609
0x66cbc5865dca028eec3b934ce797dede716f1655,7887.748087754636659493,1,1750295967
0xaa03402d6cd8ed011cdc8e37b5c55288c3719e25,7870.680688725633905277,1,1750264267
0xf328d922601d16a49d048d75065f49b777549ce3,7853.637765978477160167,2,1750256509
0x1c41c40cade0a9db6672fbef64c964c3ece7867a,7850.42498295619409827,1,1750296867
0x44606f525ce9caf1d0545eba27a2652a087fbc90,7846.182919667686615305,2,1750287115
0x977847b93216ff1c951c4ef44c6eb5242b776459,7811.468625197330089988,4,1752124849
0x7c72d7d9412053809c1b62a4c1bfd5f1dd43adc3,7800.82059136183087883,1,1750619271
0x9744eae844bae35d7fa63a5fe3c322110d881a9a,7706.331660593656792608,1,1750277655
0x1b273f22784f8eeecd5c3355864627ad3b3d168a,7670.287634607997632075,6,1750274895
0xae3536fbb1e53413136380497fcad408b13349aa,7652.115135816517459436,1,1750748137
0x06467e6565dba253163a35cfab1c7e95a5c9c833,7519.756777874167096893,1,1750266279
0x1fed190cfd8f0931b77878554354405b26622678,7418.782341649926168951,7,1750261041
0xbcb4523f5469f5e12cfb0ba6f6d426e6dff4a985,7371.350016184706113024,2,1750517301
0xf5a2c7b50fda49bdb33b99a6579392cc5b930f09,7345.515368525941510788,2,1750257573
0xe0fc323e27383142c7b5aa6ff643e7fdad28b093,7331.707087269614145246,1,1750291077
0xf3a561a7a79ef04629af57a7fb9b4843a76fa966,7323.494956532190237666,1,1750258133
0xa89df50e9ef130df3f9e9fd77cd667bb7378ff3c,7318.402731593902940231,1,1752647645
0xaa450b4dde994368b239977c3c29c1a33aa609ee,7259.663935011947622082,1,1750257687
0x92bad7b775540f068cbd52c1d4cfe9f362b8df2b,7248.808013843087247345,1,1750278499
0x3127f38c9d11740f59f8cb0cda866ddb84e83bfd,7241.095951527041791981,10,1750257993
0x052906c9fb93671bf610dc575a2a7a47e6815cfb,7226.757555242994589464,1,1750281781
0x3135bf5869988ff996af6c0d8b6fdfa4d28f0543,7209.380650029792571933,4,1750583065
0x32515d26a3315ace9d7015cdd6c21faef4b8aade,7184.318063323751066876,1,1750349477
0x8cb2fcd1f27f3af8913096c07223771e4fa8c73b,7118.834214632607836683,1,1751855373
0x60f4ce2f6f3b407b9f9139179d90c815d044a4ca,7083.416801232144613387,1,1752641233
0x64d8f81c62344effb7090d86f9636fb8e82f4a1c,7055.260293806032579365,1,1750256991
0xb897edbca533dc67be16ab4c21e0526a9ecf457e,7004.569651919258109662,1,1750415347
0xd65184bb22659d14ccfe8a768498d83a3ac27699,6902.557522274501048809,1,1750285591
0x56ef6de38346b8a0db9d63ba5338b802ad36f918,6878.48838221931107191,1,1753269235
0x0d3e91bbae234b6510f13545e2bc9c4e8c2f73f9,6865.73439086762542026,1,1751312617
0x3d9092195c7e0f09962ec9c38c69b01c1107ded9,6814.84998161196302144,3,1750262243
0x5d4d3fae4d0282fd8a558b5f42ba700974cbfd1a,6768.879041944056690099,1,1750257025
0xb534c7f9330c77e7bb7702a017939c792af652e9,6752.544523988752098123,3,1750256995
0x5c4935bfeef6077a289c4f00bb30144a87f49de5,6718.875940746980134058,2,1750264659
0xfae5e1e48257a15ba34497582990e8a697f1ea51,6592.420641236178543338,2,1750274967
0x570e03eb2e0d1f2e6307de6b26a293acadb3d0b2,6556.324284910601019852,1,1750337367
0xc94a4e1ded6ea881f921bb2923aa649bf55ccd04,6547.182267133591728669,1,1750921867
0xe647504a51c7b46d26dcf80805c4f0bcee70220b,6514.772131997184023814,1,1750350259
0xd3a6bd7d109611de13dc11de2c9bc4a6c132adad,6400.674268142005910398,1,1750727161
0xb8155e270d52766afdf5e1b14b5a7b37fd6610bb,6386.210638465264987279,2,1753108271
0x4abdd9201478dee7c01912fc6c054ba1a084fbe9,6366.054206025342709904,1,1753838621
0x0c05c2cc2e101e8a30aa048422560d4426b11d89,6353.397394093032738466,1,1750270875
0xfdc2653ac628b218686999578fa42baac54ad394,6340.982919385969654564,1,1753645769
0xf71b69b0634128766e83c4cc32e5124a10c6bb03,6271.934318759044843425,1,1750255545
0x494d704d55e85514cd5761e68b0a324731aa49fe,6247.835738235366103376,1,1750262229
0xbeea01031da2192f9620e33ceb77df2d90af0d68,6233.00718936722420102,1,1750257131
0xa08d2b35b4cea80ee3f44e4bf5b5f16b0eca414f,6224.246364617773661,1,1750256993
0x0b4e71a3769e171c07815ebc2d60879a480e323e,6116.72534095221978245,1,1750265857
0x237d32d6485cec6ee3162363990ace0fd8c58055,6111.317020636856838327,1,1750307621
0x705482e2969ee58d66d857ee1298474185e4837f,6100.474225775850981638,1,1750259229
0x1d34bff74d94c474a21a545339609d4464c2dbe6,6087.525994095245134052,1,1753471279
0x1f8e8ad4a0f7a8ab0d8cb27b5aaccbb110566b9f,6071.774795968632768806,2,1750259573
0x11360ff5f277239462b09d93e6079471b2612050,6029.287693828285938856,1,1750255809
0x0b062d0be0e722da55102b56c26d427866d216d8,6022.550443637469619802,1,1753529309
0xa317495d1945f6e0ae85c70e23a3f3daba56ac55,5991.98280171853091894,2,1750257333
0x6ef8daf5b6d7e89fe42e12d92636542c18aa94f1,5954.88824775687512183,1,1751130791
0x58c8247c7c9d3fb71b828fa44375f7d09b4d70b6,5933.996112926420182049,1,1750256055
0x6c0c8d38657f520189b0dbae85114e2a2bc32325,5924.637377043212240361,1,1750257551
0x6c68bb2f2727d36e811b150f8ffeae4f6cddc139,5891.213641197967785202,2,1750273117
0xe8be6f80c0f6e65e860e486834f644c9564ad2d9,5887.144281503371252924,1,1750274613
0x1fd2ed0d3df18b5498b683d5db92ebb0a1de925a,5865.950991261092893929,1,1750263741
0x4ed1776a864a811224f12de9e1c1b7627fa0badb,5824.359442261021084715,1,1752653359
0x86d51a3a6a8dad37509645e8668cf60a2c4bb9f9,5823.589576073302923973,1,1752653367
0xefcc5ae574a0675bb85d4043b32f8cd4b3598ff5,5787.442007740000859262,1,1750255895
0x868a502f3ac997a264963939bec2d1e924f0712a,5786.016779351324374105,1,1750400639
0xda755071bd254e21411429281066e97a65cbb7dc,5764.673201450317380967,1,1750399193
0x88f13895f66ee529a4e1d15c239fb211c0b1c333,5739.83566324604333817,1,1750263027
0xb33245bd4b5be7c99059539bbc5aec8b723ac4b7,5705.791750639211170746,1,1750266901
0x1eb72a12e583ef30312bbc38de03eeda728134bc,5677.736737566478162185,1,1750278079
0xeef4ae66d01dce33a1a0b59d7b51e58d3da97090,5646.161040289297739069,1,1750259105
0x2f6e0cf068e9a97d41e7fb312ed0238069cbd3de,5641.969900654863089995,1,1750262907
0x035f317bbef44128fb70a272e144538ed4397ce5,5641.605954840834661194,2,1750257007
0x4a24973abd758bcb81955a39c60f9b8bc404deba,5616.645550796724057784,1,1750262993
0xf226fb663fe28f76fe38e6672b38afb740b1cc14,5592.708708267909953812,1,1750258477
0x0628d8478a3b85f10d2d828140833e60bb5e63e5,5585.515348863501952562,2,1750255481
0xdf38fe6f70bcedefae0098fb4176c5e6b126ccd6,5579.158480979883064019,1,1750347945
0x818a2d2298bf889e2789be278a39e4de4d2f35db,5571.458384627266617795,1,1750952771
0x5907fa0feb4122d37549df8a679aa0e36be45f5b,5564.171864207967456481,1,1751071335
0xb784a9642d6d6379e021783f56651a9f07e7529c,5561.75741102945461876,1,1750257263
0x2ceaf0f7df0288e3d0033da64314861378ddea8b,5560.406756941383505822,5,1750255591
0x0dc3d71ebdca4b095c198ddcb9f3552553d26ae0,5516.924844022595330903,11,1750255725
0x0ece7c1bfc9543b2cbea8f5577d02e5f59a9f176,5486.267495039538236623,1,1750262345
0xa5894f85b5bb5145a69c3f4a41bb4918a8463701,5485.577383639788314341,1,1750268429
0x2618e8ffac918d9b23855e2a6dfbd74d781863ff,5429.295955114709409779,1,1750348037
0xcfa69e7e5bd20a12eb676a03a350925b296143c5,5337.066150626532072539,1,1750326433
0xbb1642fc936b8ddfd45d54481e0a934836b58d21,5291.424841052536114281,3,1750332225
0xeecc69967cf2421e0a21ac7af9f39f8765e98667,5277.610173306084111481,1,1750278717
0xca396f27d9f6278d487246eb310e57e5677b46ad,5277.081858376256252324,7,1750256957
0xb0ff9c9b8f7d80f24aef49ddcf6b35bb5a775d79,5196.146888343507307551,1,1750314065
0x00e42988fce98e31018ed60d0132b9666b3029c0,5115.49900746793669298,1,1750255611
0x42b89cfc644c65427daa45c093d2e18e4dcef97f,5092.845725743169490639,1,1750257893
0x4d7989cfe221cbd8a56d87328fa7413cdb1c07db,5067.04135652282988547,1,1750257475
0xf99c15a02f3f9a9edc08be6a6adc851227ccfab0,5008.642614471742373555,1,1750260677
0x74ea4a722f6188f405666b76b02a76685edba407,5006.857190691140971639,1,1750257507
0xcac2edcd082628ba3ba31b3b74537792550319e6,4997.00862747431972031,1,1750828299
0x9625d8d4bae724f0c6bbce9474bea331567413d2,4967.08577267803920433,1,1750257749
0x57d8008ad0684b0f6c916ca903d7ddff8fd8d4fb,4946.030477518127679762,1,1750281293
0xe26c3fd8c172520cc41224b24f8e77358febc352,4784.173970935089239048,1,1750256647
0x4e0658e1e379faf0b96b78cfe7051f87c07900e2,4783.267050583112013184,1,1750256653
0xb95f95dac12a3b430148e55c76d0c6182a398ce0,4712.895829542391507052,1,1750341949
0x4d61c2347963a6bd90c8adfd526f2372da0b965b,4690.15664578936266152,1,1750277463
0x50a0e3a3ae498b1aa591319aea9b898203523086,4669.102249901789054425,1,1750257105
0x5c1ab58a3931e2d3df0d7d18fd32ad6b38eeaf05,4663.149935071909977462,1,1750543085
0xefc71edff52bde390ef61b50b5f642b92c0948fb,4645.701225328397419686,1,1750347011
0xd8f705391f358a068407755063ca2cdd3c5b3107,4642.547367822945865647,1,1753356993
0x5bcb5dac536e430e001cc4252c0293b85f5001bd,4641.655755268418470238,1,1750386817
0xab64e1686b96091ba2d354880be60fc96f9efb45,4595.798577729772131641,2,1750260935
0x4adb4d7a79490c97a5d9ff30a88f7d51d6e74d73,4591.342518491704587366,1,1750651383
0x93678262ba3b66e34681f1cc04a16575607cc9b1,4547.324492753570639519,2,1752626417
0x52e43010a396d79460e19b51f0fcef3ecdc2047c,4545.618599040104502783,1,1751010567
0x6eba94ddff69cb17c9436a2ba84005783c6a7777,4422.501887679946755274,1,1750331075
0x72ae322fea03b4b406f3dfd1517210fac1347983,4415.414252019352177554,1,1750517997
0x69abd467d5848aa823613fc6e51977b64495bf67,4370.071389290800475409,1,1750272337
0x836a51a6d849e6b1a2161c2329a71c7574b35d5c,4354.258915695590252586,1,1750258859
0xb3be2e30613991e2ac6991217499e9e369d64b58,4309.235273372449027465,1,1750318051
0x7d113c574b15682c6b70696a9457a8728688ab2a,4307.560045638847451055,1,1750323565
0xbee9412540d364c5e8f91e3bf7233231780b54f8,4244.154344698001441282,1,1750311579
0xe8074bb851eca046ae2594fca8b4f7862fcc1c5e,4226.095279673002355715,1,1750272861
0x8143262922e9369d5678d5ff6adf0cfb3b55058c,4197.786258028938254744,2,1750273011
0x55997c0423318b83bd64c3be53be9ebc0493c6d4,4188.457878293535280107,1,1750267831
0x0d9e44e74ea061d8eb889e36b45dd8f05fb6a3fc,4166.223652900572806659,1,1750256331
0xef50818125068278d4a617510403779b71dc763d,4061.976006691746906285,2,1750258835
0x7c20d68edfead700836c7b123c8b8e15a831b7e5,4057.828441373672697987,1,1750280207
0xaee3a01953341f4e36ca801ecba4b9be3d12546f,4035.690586919334795104,1,1750257197
0x7e308573643db0139faea81d7fcd8edb2723b7fd,3961.836932728104832124,1,1750274037
0x0a41a21d42e45f43bb7a78f3e71d92d2c054a452,3941.171587543045391785,1,1750572499
0x4f6b673cf365e38f09fe7c507a61271bc2f65cce,3923.886885331222891139,1,1750261939
0x685eb5322c083bd3dd0ae433dfb5d8a1e4943b84,3922.687909345072018255,1,1750256299
0x9e80e2ddf73e8b24b1ef20e2c14e2d99fe3eaf4f,3911.591083557348997274,1,1750285353
0xabb68f267b3bcb465038a76e87d682e1b870bb25,3823.956487552698285359,1,1750441913
0x99afedbb1e05a1b73d7118374090f787f8d60f40,3813.690163067447290648,1,1750285047
0xe53309ac45e5c928345b5f62b9bfcfe5dd5ea9f7,3812.666807928671602702,1,1750266057
0x53cbfa7d9c409b659f7545727b5015f75f2ab38e,3768.948635703298370305,1,1750259271
0xd78e3eae209c040bd25ae1dfad1574ed25a13c6e,3768.866704696404260958,1,1750338651
0xb8658ee29eb23958a98275bcf95d220c797c6f18,3761.930540511876277301,1,1750338109
0xb874495126641d5c81d42e6b30ba8da8c7b756c4,3755.273424618554974621,1,1750284491
0xada1b4adceb18db25815ea2f72553c4546d54960,3742.212323635364681037,1,1750284599
0x0bb25d31b1cbe0bc06d80c4f2c2e5e82cb87072c,3740.639191849673300773,1,1750257901
0x2631e0384b8bcaa848d77777f166249363fffb26,3728.97594469344904937,2,1750455503
0xbee5ef8f028938a75e3c468d372c359b5d2251a2,3722.321723665977290238,1,1750261223
0x4746d819a6776ccc0dcdf7021908c490034891b0,3641.640155925993032033,1,1750260219
0xd2e824a035d9fc5d6b9b6e55d60dea6a75ec3265,3641.018168171088509677,1,1750275291
0xa7f042618673f7a5f25841a0f46213634beea0bc,3638.891558344968542146,1,1750265001
0xe45a67d8e513ac229d1cad3d4b0f721d40b2d8a3,3628.548242104012644557,1,1750256619
0xc1ce8684a201d5d629c4438c3b308d0d35720a54,3589.18970573460526778,1,1750255717
0x51adc4b9c9ee58e1eb52523f45f3cbc0827ecc4c,3548.935406302786738429,1,1750262675
0xb63b42457a2a3bc4b90b01cb1cb75704ba364945,3548.595135402137236921,2,1751890985
0xf4f92825b0cd611c2f71addee59aa4bf288f7fc5,3533.939128765639975498,1,1750313699
0xbf6984a8dd419f1f6bfccba8aef754f48821560a,3523.685504942848802717,1,1752654163
0xc443944a5546e0ff0fea0b2b0255626dfa618840,3513.935479742414879678,1,1750720935
0x8db7a537d8478df3c6d95ff33b4270342862957f,3484.523375778658380451,2,1750435417
0x01e550917ff9a38fc0333b9a8b3c59680a7c0cb1,3472.056062147831345108,1,1753113333
0xd345997ec307951d2c07a9398203b0e007039ddb,3460.713209915142309117,1,1750283339
0xbc6fd2917aea56ceaeac3d818a5807d2e11fce30,3435.388765114398413033,1,1750305953
0x085fe460ab6c32c0b04854703ac63c8712be78f1,3411.906116702837473288,1,1750301441
0x87132eb69d38de72f546072ce1740af3ff6c7f0a,3409.634347448422873542,1,1750428441
0x738bfb3118fb26dec3118de24a8a77900ee6adab,3405.238863021690927837,1,1750257017
0x4a83e6da1b13f157cc9636243589e5b64f965785,3324.557377155529168619,1,1750258407
0x99504533a45ae75dec4a8397c2e968ac994bcf84,3266.158362230428066766,2,1750726083
0x7e08c81c99c1933c4b96e2b2a9d067f88e8780a6,3240.351162945788036156,1,1750264701
0x127e926ff3bf998b2d1adc6daaa7acf23b1a584d,3229.19160344520882152,1,1750331635
0x2e4cf048730edaa76ccaf469c5fa47df16bc63bb,3224.906035644060670569,1,1753082105
0x5e81b74a4b920baf6444e2c6ae5c929c5d74e255,3203.445701924883457866,1,1750371179
0xf947b0f14f4c47ab4d870ef4ac4b8d5d2998b55f,3200.051377541648698603,1,1750257093
0x1a4645a6a17381cfded257005d28152c956223f4,3194.58278560007358497,1,1750259337
0x788796e181e441baaeccda94ea499f4cdbebf702,3154.271540177823026285,1,1750256441
0x0cb77fad733bf16b0396ad49b0f4923a6c62e68a,3149.565038554990999126,1,1750261515
0xf8122b1c674f74ce20d58458556a422c4ec07552,3122.832832281820231028,1,1750583837
0x99b817540e796a334d0982ecb7962492717bc779,3107.000161088311111168,1,1750258171
0x4f9951055b1cf57ae1dbf90ea8ab0e3362815bbd,3104.357775695440107563,1,1750257467
0x5b2376b5b9fb62bc165fc2435272090c026d4018,3086.66474748411763476,2,1751735675
0x65b01548f7f7ae194c9a940944f797de787cb424,3080.731282887727020145,1,1750263625
0xce2389d43e38a3e123e52eea8f3a793dd734bd66,3061.415916468150213305,1,1750522905
0x0fdd53df9442abb5b9d46cfa55418de7a64a5093,3031.651396208971544867,1,1750696731
0x37af890a11cce76e64e8b7fb5445014e6ddd8a7c,3021.218928846396824909,1,1753531697
0x0612502343b5acfcb3c8730f4b8e9a5bfdfdc31e,3011.115616637505694062,1,1750264637
0xc26412af9963bccb894bde5b7ce47f13731aad8f,2997.508254599119724552,4,1750329121
0xa75885aad78cd3c17f8bee327acde7113115aa1b,2948.407750514893133644,1,1750265049
0x0c56a63c35dbbdfcdc1c0d36ad96423b1ac3a8aa,2931.674746952973189259,1,1750318801
0xc64998c08207115771fe83dff2852a729174786b,2927.170754180327919282,1,1750270093
0x08a743041f7b809226d7390ed6b62e37c6b56aad,2892.790742420479547965,1,1750255943
0xf01e07ae42369175a986bb13fb3e097d0724f74a,2867.960454123110404118,2,1750255587
0xe23d188523bdd34ca0da312109f03725379c1c63,2849.756731089361632922,1,1750257229
0xb3a60853cffab43a0154a33ab10c498084bce8af,2835.12366101990133741,4,1750256953
0x72a90218d2513c94f85d103490b45e3816431cac,2823.899412082060949967,1,1750259081
0x924b981c32d071a478d90550de382aeb9398caba,2821.406351665870953258,1,1750577157
0xb9ad02d7636375bbc31ec12c6fbdd3b5ecddb8f7,2811.304602748239423589,1,1750876437
0x8f0a7d0595683a8a7d19f930cae532dc1a15db4a,2778.025528454752546456,1,1750257265
0x693bea6b8202358fb518d319bfd774cae1db8499,2761.970999572564983234,1,1750428619
0xff400f6e9e0e85166ff7ad740977c1edb6b7989c,2753.301041919806424933,1,1752685939
0x8846ed3f2b0336562e21bc947b02bb7c40a5076e,2734.063912416942871532,1,1750394709
0xe39abfa0c19a060c1cfa28ca3d451584b16745e6,2726.471982648382869029,1,1750578071
0x9cf33e75310ef951f23627b5d1827b259f4a123d,2724.451176164825502438,1,1750256799
0x6ff50ffdb884599db5fc3067ea658849766e1aac,2722.881325303693852457,2,1750257345
0x03dc4a4fcf757045b4495edd752955bd435ceb50,2720.739935442267266501,1,1750266085
0x1c74f81bc8350ef3d0545fdfe4e040606eb4e02c,2702.399143119627623334,2,1750459211
0x080c24f35958ac056a69f86d4bac1d0a9fd1430d,2684.122348248839833383,1,1750264533
0xb177da4ec6b12dd4ff75b60b5aae55394ed35245,2681.974568485277023966,1,1750256703
0x59b5f5639fd5043a82b8fd83fddd7684e2b54856,2678.638733056448620399,1,1750259879
0xbe6ad3ad402e1e8a87c9bbbab411cb299e96b31b,2671.781365495571608944,2,1750255815
0xf4cfebf95dd8537556cc968303b487b10dc3b4e4,2668.983760909175732822,1,1753373747
0xbb004c77a95c845dd192f3c9fc12fe2dc4b1ce63,2666.360591385381153008,1,1750575949
0xdfaede01e3d60f1ffe05c81df3ff99a3b11b0ed0,2607.379477743132398032,1,1750261467
0x9cc718885e81abd678c589aec2d24611e1152911,2579.31344778192068527,1,1750258269
0x3fc91a3afd70395cd496c647d5a6cc9d4b2b7fad,2563.404218854545416457,1,1750338861
0x8d5aa3b1be77884f3029f027e76da4a798f300a6,2559.083108774544147857,1,1750261177
0x659344ee0e38e0ccbab9e2ac5d57e9a178ce546c,2539.819843303663304061,1,1750273617
0xf2971d90fb81903ad997d805cfb087b24e6da13d,2513.415336069292268753,1,1750310349
0x1cbc554d63d74f69414cdcce637ccc06dbc67576,2508.816661486760370492,1,1750260499
0xfbb6e93e563047d5082d504d4013e32589ffcf7d,2493.972778095999625723,1,1750578943
0x8cf438535b98f3c29af8f382a3eebeae07f95b80,2492.848033685789977752,1,1750301611
0x0bc2fb092619274ac6a3435233c0234da8b14908,2406.328608549822365757,2,1750256771
0x7dafc2e7f84f6a347490b2e726933d27a303dba1,2394.196701429999522136,1,1750793363
0xc49a8c0e9990325063e6e3c7ad4d0675a5cb3583,2381.195328587362418979,1,1750271271
0xe929c8e7efae6d8e912dede4173451a88f594c85,2380.555286165818095636,1,1750331455
0xdb26e12e75b8174aae9b3ba1d2fa516e649fbead,2378.529337648257688473,1,1750264791
0x395ef79bf88a9a76e75395039aec953d6a4cb476,2360.843790030337008656,1,1752643199
0x4b67993a074e195ce3228b2ef93ba7b7175fd207,2355.060331135429831406,1,1750312785
0xeae8a2d602fbb49967a82dfe9096564bcc38ae46,2342.824764447362920309,1,1750385489
0xdd60e2018a74ded40a559f80655b4d6415dfa927,2331.562972179343855716,1,1750286399
0xc76bd373b0cc64fe85c694158f28531de6cbeb1c,2326.209601981494351207,1,1750334901
0x4b98f93f53c7e34db368d5cfe9eae8a8476df5bb,2297.343610595674240835,1,1750285497
0xa43a00180239f36d821b91e0290fc912b9bfb418,2276.439029846700389435,1,1750264255
0xea720f729141eaedc1245b371eab44c86c727596,2254.093815177691509141,1,1750295121
0xd1b549ea051813f7d562de4b1a4243f196602454,2231.978395885509491193,1,1750269157
0x3673b072e4fd8e5e83b2280a84b79aa144f7b712,2229.176651424867574357,1,1750275899
0xd44e1706479c5288e681a8f3c2045a5028d1e92e,2220.959568539368404078,2,1750259563
0x74226198c67c806cd390ce3a60e9714300246cde,2219.490478461559756099,1,1750255803
0xeb9270223a75ac93ea157f178780a33d842a8d51,2214.38610420074711279,1,1752954599
0xc0e171596c32a5e08be0e24f8c1609f4daabebd3,2211.40257255811787018,1,1750257873
0x1f89fe025bb00f7f03b367b07cea36f929d5d942,2208.90839876128752272,1,1750575433
0x0143212d9f20ed29fe955a6c8801c98e53b52ed1,2206.181802629579998008,1,1750574857
0x52aac9e83a3793f327942ac6541c7161cec14360,2205.272190318320872459,1,1750814067
0x6e13cd7d8f4ca55d966dc3e69215ac07eb349732,2205.204528384791262713,1,1750382845
0xd7400cbea41e51c8ae07620b0a543c49faf77045,2204.217615927694916405,2,1750418133
0xb0afee39763bed384a6beded3e573efdc22f4345,2192.528962816517637933,1,1750257451
0x384e9b41a082a33e5632055b0f5a52e308d88a1e,2174.761906211176119123,1,1750273721
0xbbcbde3be28014a1f529bb2b76f2a5046df0b204,2162.585515183710299186,1,1750272641
0x2575d9a7ab2207e0486996c544a22613b640041d,2160.989363698404930087,1,1750257423
0x0280650f4a435351cf68703f4f56e156714ddcc4,2134.404348037731560641,1,1750321759
0x3cc16902e1611b7c25ecbcda59d3f202e67c98ab,2121.859142659359654992,2,1750313793
0xdc79ae1dd21320ef18a5a219320444cc35a348f1,2093.110809749390126254,1,1750257341
0xbc0663ef63add180609944c58ba7d4851890ca45,2081.959090079640842073,1,1750273215
0xa88b14275bc499e972eb96bf02b993cdc1e0f286,2064.612288112446961434,1,1750352293
0x29a65484bdc6f689b55b928610002bc9157e1ab7,2022.508532366925714636,4,1750362999
0x101c3b3e34a2437a65a40db043c9fc0a544d84ce,2001.883308028304877904,1,1750331797
0x095752e931f1bac8072324844cd018cd636a9cbb,2001.715290178875361607,1,1750331615
0xc4bf021f35eeb4d79488a9e951a62587585c6196,1993.890084292851184593,2,1750809211
0x9e3c4c785475f2f17dd84605c2c5478508e44b6d,1984.248973248741475447,1,1750297669
0x1f86837968ad38aaf78e36de440dc235e3ef4ed9,1956.982401833354765468,1,1750258465
0x4961c853a2ea935c8a281596d8c2123cc44fdd21,1932.204738159267957341,1,1750277409
0x46d269433b6900c0f2ba10ca5e304e231dd60a2c,1884.575331784789867894,1,1750273943
0x9b242cca5c5e972969cf61a1db488b2ba22be099,1881.377978086644210859,1,1750258651
0x67ac56739a4fe60638dce727cafaecad71ae275d,1879.578271773484398373,1,1750255621
0xb48bc1181a1bafe8cc75199cc41779f5924f7f30,1841.162563983105121713,1,1750256625
0xae5905de19d8e65b45d8179f71c72af8018721cd,1794.610281932605432119,1,1750280627
0x3ecf4591bd155af6f9e5d544374b5b595e353101,1785.559097689469460626,1,1750257825
0x175e2f3e1f8fc7a04645519db071ff5d58d39fd0,1778.93664791857215848,1,1750262745
0x15fe1d30fdcec1d2515ed6e672fc1e2448df7430,1777.779487813344956301,1,1750257191
0xf8cc4b66847f69def51b3c60c71f1d4ab8918238,1769.368469895670804567,1,1750255465
0x3c8a3e7e9b23d4be3413ec654a9b47e66e8f9b0d,1753.33410810042746305,1,1750506971
0x128b40fe64f433a13267344c45c29202f93f5406,1752.934443545680642569,1,1750573427
0xf673a20b863804bdc609ff7322dbf17971ff4e3e,1733.883738650638337822,1,1750313255
0x01ba9fb879ba4543031fcdc5003facc062ab758a,1733.689760747621532611,1,1750281095
0x8a30d762461b53ad7aa87dc3e14d7786b3575e7c,1726.049649086980532924,1,1750318581
0x0174b64ec1a0cbd6b462a864635a85000b81208c,1725.898493571072582445,1,1750512539
0x35a23ddb9681b0e83675c371d55b240997ed63d5,1694.14297689204760147,1,1750275079
0x289062c087da2d04db56bd6a4f4847296f2bbde6,1689.277855630781691471,1,1750256891
0x4cba1788cbd84287e7f1cc366084e8e62d36718f,1684.296751988484858299,1,1750289023
0xc409d43565038e6e1796d61bf275ab134c656bd0,1648.507679306781973606,1,1750314687
0xda1b268ddeb5686a7676e56c90727a648cdb1dd4,1634.802937488883895153,1,1750256799
0xb1fb986309aca2df4dcc85457dad246875e7cd0f,1630.438301430550559467,2,1750263499
0x9cd2659fc8ae4df7c90d5b323b172d5e8d5a96cf,1630.047758170488176307,1,1750266369
0x0845540065759a5463c765512455357258e55b7f,1614.396686223593693694,1,1750257155
0x426c5c43be408ef8691efa135383baf8b0d6d571,1605.827451992898872167,1,1750256921
0xa30358b2a5e474ef47abeab4f0b087fed370657d,1564.39120866836926143,1,1750261511
0xa1f48daaf946b772f49b091f17c1123af9cc4acd,1552.286739854206924392,2,1750256219
0x96b258360501863ad18567fceb41ec3e504f0690,1510.639743098652505925,1,1750255545
0x6e243788bb78584d0785b96804779a12afe08085,1505.090715897869973818,1,1750288905
0xac349c8d188fa70f5386c762ba925e2c024a0198,1458.963892012108174876,1,1750256597
0xc03d8db64dfe98ebfd94a84bc1f825cab90ee15b,1443.425721762656653036,1,1750281715
0xecf00d580ec85d4bc5383ec2b904a1a3a7c5bb8e,1412.316330189719647016,1,1750514301
0x667e158414d1b3e166033f36328ff2b6d0639f7e,1400.896336493841190924,1,1750263445
0xc77418ba20b59d76c9e549bfea1b8b653aabf1d7,1392.443622179243112327,1,1750255977
0x9817aad18f789f859012e9ded67f636ed4839019,1388.226774666211271553,1,1750345599
0xf50551139e71fed669a18117420e513b6dfefca2,1379.717259197705331473,1,1750294773
0xe46c300fa6f41f13cc8a8b9bf955030956dd4297,1371.723193590850258587,1,1751293561
0xd0e8001e659f2305e17725e573d294bd1da13a69,1334.872213005093161842,1,1750325593
0x21ee4e4994a5d87f579b9aee5e22142b85e9c624,1313.135350852619894029,2,1750256793
0x05556a4e98f1afeb685ff64e07487bb2f3aafdce,1311.255648296281461725,1,1750376797
0x52cbdbfe8063fc02756295fe1e09e795b4f50ee6,1310.957992627878100546,1,1750504725
0x2aecd8a1716a5caef5173e3b172eb185b40a6e63,1295.482032556946976706,1,1750726295
0x2846d49ab5140826a78c05b5a0659b6973049a02,1293.755185588050668253,1,1750319035
0x5e5ca521193bd24fb3124a419a3dca6d780f7a3e,1291.374842979261601192,1,1750255589
0x60271fb81013c0c9f6a57a2e12729f4c2e2c7060,1285.976101783082183003,1,1750259163
0xfbd4b14eeb873a465140d037715f4804d47f27ec,1273.06981356754797554,1,1750311371
0x83153611aa43aa6373a1f48c9a2e35bd4c9dac1b,1270.058305468615051959,1,1751389667
0x4cdda1bae101feb15f95df986562f3860337fde6,1259.421927750786452841,1,1750358407
0x854cc995542e05c7bea57034e2b2e88d509d9431,1252.834232492157598682,1,1750272979
0xe9ad6041bfd863415fd483bc2471db2dfd065a0b,1252.207276147959474752,1,1752016803
0x91669a1bdb132c8103774a58410cf6934714dea4,1246.553180969881562313,1,1751239925
0x711e5bf65b17b331a50bde223a25366c9d9249c0,1233.444840395300942158,1,1750292031
0xa27ce36e4c0c5c1082de2efbcb2180af73407481,1228.777574815870380038,1,1750256827
0xe70d6536b3eb679f30a787f514a1ab9ba2423448,1194.797429573069058515,1,1750299029
0xbb8515c953fe2384be46debb00552de234142b93,1159.70639583676560964,1,1750267491
0x05b197f6a3e45e9e9e1f19cab38e637c4d593e03,1132.458305335562494653,2,1750264815
0x206b64eb0c5ee0068919e928f656186c733e293f,1128.503759283614160092,2,1750481607
0x090cf4820e65b06d05cbf65df43bdd502d18bdbd,1123.892551331511483576,1,1750256785
0x823cae6c8d86ca814c568d0dc421231c126e5fc5,1117.145864594701988361,1,1750269409
0x7377a90a97fc8124b41b9fea9680560ff35960df,1108.358566370552057409,1,1753641039
0x5db0304b4b02eb5fbd72971a5d5d94619a385e16,1091.561914082126551546,1,1750267095
0x543166ffd7f6c9007ddc06057602e9785d497759,1067.877856137435247163,2,1750267437
0x43f38ecf9abd70758c7f475f41bb78a71f1b5458,1049.314792100387697608,1,1750434059
0xad4c9f10a8d85c18d2b23379a27b0154fddfef42,1044.340436776854470975,1,1750257429
0xb28a2c8674b2393dd362667536a873e74df0573c,1035.745846208308160228,3,1750255617
0xe05761a6a5f465d8d3c75bd4548998dee142b068,1034.886713668218596752,1,1750356663
0xb59892a12e6622e0db4216a236ef5af37a64c90a,1030.64877469588552497,1,1750275003
0x01974e78652e79c5510d616599fc1728318caa7b,1024.665613487159893554,1,1750259563
0xe1f4d0235ad1befc8d859df1a604d2d1f0e0c124,1023.341220292713560992,1,1750515377
0x964cb7905781b18d41491a64d3a39817815e487d,982.290827997306993783,2,1750257633
0x5b92d2b38ab372bff63f55113b98253adff62a74,959.905360371965304658,1,1750256587
0xcfc4c1c53430fff1f5da8da3b70f6e4d3ca5bbef,928.996152185076989654,1,1750258645
0x85bc221ad8d3f1624e5b5bab9e31d94ff8762135,908.563812825441751797,1,1750293683
0xc3b56e0d71ca65652b349af8fa235fd4bc0eb463,891.286827790091785761,1,1750294757
0x3af2e4a5c5c9e51c1a772720f35e8d71a7a3760d,885.56340061390527014,1,1750272497
0xaf018069cafeefc7d49e57597e16bcf77c33bb10,880.382225329961960622,1,1750461173
0x6d821bb481a077208e22a14810f851ab587bfbb4,879.252138681224002015,1,1750259731
0xb9b0cee50f8e8d8f045455661b3fe3803d5b1190,873.145823520459579455,1,1750496555
0xa90701f20d9ebf5b729c40cdd463f3eac3b667e4,868.339773199914308063,1,1750265875
0x8833c177dea010513ad54c4c7142cda7c6182578,858.735520585716192632,1,1750272931
0xeacb74be1227fcfa98e52f09e419d07985b79e62,853.661230574525779365,1,1750355047
0x84b1af552f32d748aa20e7918b82b6da720bc727,851.068283019387571121,26,1750258415
0x8d62c1f9a0b8ffcfb8927b5c6cbe3971a666cae2,849.436822629712541973,1,1750312283
0x6da25368b00809fb49355e21a85f42adc61a0b9f,845.892154609108902724,1,1750256883
0x7b87d47e33973f9b356da7812e3bc7d4b00cfe39,843.22654544944323457,1,1750256891
0x23db293cb4b452b8d618fcba978b8ab4daff9aaa,842.409469781601377245,1,1750264577
0xae2bc10642005a5c42b689598050f20419541eca,840.346285738694722427,1,1750255487
0xe08d9cc9b651cb95de82562a3642afe7c7cdb902,825.691395898198631881,1,1750352069
0x1e654b12b590d6eb066734dc45cff7687bcfa488,782.203352827943276581,1,1750257433
0x1b266b59a564cd93bef5d7892169faf88b26d01a,763.281523230478293868,1,1750290543
0x80c9798ad023f96a8fef0527b621715dc5ecd9bb,751.314372016649733417,1,1750258617
0xaa694df9ec9b4e430c386302d488963366354180,746.749496991992546523,1,1750433635
0x9d83b71aa3eb0c1a97fdfe901f2c4fa17d891aec,740.863976781004050354,1,1750289497
0xb6cb30c3d94646e927d75cc73eac1dabd4801f9e,708.34696791347476519,1,1750256795
0x9ec42a70080a777a0bf10d44a909e30ebda62539,706.843289123656758948,1,1750342057
0x9348bd1c156a150e024cfb93592f6b8a0022669e,689.674341124588078566,1,1750357901
0x17e45d35f8dc67d330d2621881db84cbc12b29d7,679.633360684991069305,1,1750255507
0xa0049053818b222b791a1aaa1ba386ea237dbf1f,668.394453921754906145,1,1752151261
0x6426bbb2f37020f4a4541c9c9c61ddf98fbdaa70,663.680266450174489745,1,1750917075
0x012e6252f0fab138ca9f12b2919d8b88931ef210,660.912208644205771441,1,1750422219
0x5ec1c48b24028445641e1a787e8f04194901a8ed,660.897592155610014307,1,1750422309
0xb60ef81e95cf9d6c7b748db502f0084898ecf4a4,660.400519736546074449,1,1750424447
0x0c6a693751d410a2898e062982f7afc511de0266,658.315494791696685685,1,1750256859
0x45d022d652fce26e34a9ba9a2808cfca7dcc842f,657.324567258974952249,1,1752691641
0x748d0b8edefc6be2ac9a140c41b5bf1a490106f1,654.05408065815770648,1,1750315923
0x9134a06e03a38ed8f678408d38f445d83cdb09fb,648.5397461999009705,1,1750258661
0xb99072bf8ed72271d9e39e22859fc0f73ea861b0,642.085252036608294467,1,1750306687
0x5feec96d387e45d274d854065d51617c1a653259,627.028820057523913596,1,1750256823
0xb594d50d65cc1183681a1228395b79433bc016ef,619.157882984396578191,1,1750290397
0x1f067663752cb5c0449647e09ffa7994d6e5c4c6,604.087052492016556638,1,1750264453
0xd747b59b74aede0efe1253efc60f75ae3a8e4201,587.679960819339479915,1,1750557797
0x4673d1d8535dcc8d2fbd11b79628087330795ced,586.49363962897866402,1,1750255921
0x679621454e13b25486b81324e427557e5e41675d,585.467093990202434953,1,1750269927
0xf89e3c5506e8a571618a3f228bde719eac01ef11,580.125140135984334838,1,1751051621
0x7d6666b9fbbe573f2e7170d3d82281e080dd284c,571.560158206230853889,1,1750263287
0x85d46e93d871fa1a48d41d36bcbfd07a35e9b71b,567.882684682132617473,1,1750259739
0x9f8fe303110f6d306d89c8a70be8ec2df6e6931b,564.679831395835577135,1,1750259085
0x2946f4d798b6addee6214552de62fa56eced5408,562.838134894718289352,1,1750262809
0xec2351147b8dbcc6513376802c0d5646fed0b6ae,561.621302376988307127,1,1750262527
0x1931c45270c421a100274547962d9f13c20bcf67,558.313762417996063522,1,1750257237
0x6b02622cd035cc00e98e18cb6801192d0f4aaf5a,557.569419098028283152,1,1750964813
0xd8d0855322aeff428a2f28b5d5af285ac5b0c9b7,552.704710277309644094,1,1752499227
0x76ce69e1b723122c679e478b0342e41bf2d4d32b,545.705053801756916106,1,1750267043
0xecbf2d79797c0adfdc790a4d6183422c5d48fa24,520.494047739443375918,1,1750358065
0x978c9057f0188c5ac89bbb1282e673f4ca4d0617,514.813660566343863747,1,1750258301
0x779b111964acdc6eab25e1491d0a3f95ca318a10,493.054000256890611352,1,1750304955
0x52ed71bd76b786428a82a0455552dba74b6a5b7e,490.889911676851896393,1,1750256193
0x68a8b75e49f47e5c38108caafa3b9d0702287a7f,486.145488544280319521,1,1750256533
0x68c3dd3d01db9bea415a6187bfd1596033ef7e7a,484.238854291420005374,1,1750257767
0xc6b429b0c355c88969fc4418238cd09cf15f9018,481.665345332394088255,1,1750260521
0xafa7321f639c5f0529c03a086618af496c999d56,479.656620441948285675,1,1750256609
0x0bcd19fc2e6e154efd9457a37a5520acf3638af1,475.322895026318757256,1,1750256575
0xc508958616284a7269842e2d2de49a4be08b9114,474.594919749432387885,1,1752694069
0xe3862426a6cdae589b2ec91fa973e48d7361ba23,471.986522096268419018,1,1750340357
0x244964a517dfa272f0d05b52e8f065aaaaad4ee5,468.591118459969625412,1,1750385161
0x60e96855e796b12f7902f4d4a404ba91bcdd9242,467.455144918840091961,2,1750287609
0x801c46cf4bc35fecb12e04a8d542aa06e9937daf,466.714946762223446413,1,1750264197
0x2b1e845ea360ad067aa60bd31bdaa09408f4285f,464.967463850718333622,1,1750255521
0xf0d7f44378b2a825e3f61151d9fb0c444a0930fc,464.776009583436503937,1,1750328899
0x6ba74c122d10689056fd1a8d98f1db9ce38412d7,456.345338744898084695,1,1750256481
0xb48a2983a214fec777279b81d3017bd722a60ed0,450.339766779988223447,1,1750377571
0x99e664f640af0e30afcc1de9300d523445686726,447.752685009697746838,1,1750381945
0x07429abfdeb61a65aba309eaa243b782dddfaf74,444.016517226087673934,2,1750288495
0xf59f17f5626d8eb79e943e0f8f45618ebca2a03d,440.863704473202987679,1,1750273853
0x1da4dec39d50f90347f63b10d15e90d07f957a8d,438.367475366300667017,1,1750317031
0x42040fd9b6c6ef736dd3c8fb396b57eeb4807b3c,431.879969129761879798,1,1750307813
0x2204a6c0de8efde84e272cd9674f8196c8f4d450,431.210634938079295823,1,1750357489
0xeae20eb40ca91f2b4e4d76eadadfcf21d2b75a83,428.082705642171894366,1,1750832433
0x38ee7d693e9895ab9aa5c1d2aee316c3b3db28d6,418.090422110860700613,1,1750513133
0x4f49d938c3ad2437c52eb314f9bd7bdb7fa58da9,409.102465911316030376,1,1750362091
0xa7e8e4d36cef3570d6071f0f79b64caf7d3f557b,406.511582645326514621,1,1750361767
0x8f2086912e9aa338a598ba422922e0c7a03e64c8,404.295968303723399043,1,1750444415
0x063c3daef8382e565c18f7fa49a3981fa35d5f77,392.854247923671869391,1,1750297037
0xcc621bdd493f532b7c35848aa600763724d5375c,386.273935993384304517,1,1750277673
0x913a0b5ac166db99b00fc82ec1116bde4662f96a,385.160640856794075065,1,1750293973
0xddf8af297e486cba94cd2d685ab1b35093a11b97,376.232001545103766948,1,1750278157
0xeba5ec4edf7156004b13a2b3ab93b3858b5383ae,369.772468235918125589,2,1750343477
0x2aa0bb6a902572e3ed5fbc44da2699f5f83e8bd3,366.993180763326232863,1,1750257859
0x3a6bfe2b87b4b7d8ec76142d0ada23fce10b74b0,366.541390379728552338,1,1750256645
0x2bf58ae4fc54c36887726eb499b91d45857ac8fb,362.127588200449620201,1,1750514169
0xc57671717fa72276e3ed129915020d149ee7f360,349.475338708663058777,1,1750338107
0x4913e9a472d53f58ebd02b13b5aa506242d8b223,346.721233923026788501,1,1750281115
0x041f368fd6884d86a900194ce97bc8b072b3c343,343.888655025381377157,1,1750256169
0x3e3a7c1a4ba7dc71bc1ac1cec8b6b447ece1cf4e,328.125956962150876004,1,1750338441
0x329c331a9a8d7034ab82522ee68c2a00d37f4228,311.546472333869879017,1,1750257145
0x142a534c60e16695cfe2abab86f8decb85d568c0,300.109184365075712141,1,1750294647
0xeef9c6daf138547c1895db156f180ac3a91c039e,294.940433261026637333,1,1753517323
0xfff37b9427c715fd6c6b319586812d8818eda940,293.143498796589942745,1,1750277017
0xfb38fc9f807a3d1e7f0fa67489b720a3c496d67c,289.588577117355867399,1,1750255709
0x188426b1fcd4861f2ac1d2121ff2a04c4c35584c,284.863547188938256651,1,1750409529
0xfb84244f941f1af8f3c199a88dee522cb2b1dc75,284.468779291556755069,1,1750257209
0x8bab2ef0e8de3d9ff73ac95fd8e4114e92cf6b0f,281.608676305732924237,1,1750256995
0x0d342b0e763f15757186f13a5d0770ef4d501873,280.061911875879861474,1,1750339431
0x055ab455cb537207e0ee7b876d21de16fdbe11ca,280.041484545540491393,4,1750255883
0xafbff3e871543754552c33a84035ebb9ee7518d4,278.319182819953982294,1,1750288253
0xab34046ac556d7e8c321640079d3f02bdb840e5f,274.124234117857185051,1,1750260527
0xd2732726af3c6b83308891c1c09f9612608f944a,272.404671755747876698,1,1750642411
0x1f13781d82b3fd44c8a050efd62474ef293ec52a,271.433431931255184614,1,1750348051
0x9898a638ad5a403ee3dccf576cb063c34510234f,263.605978699756045373,1,1750267703
0x6e79ae6325ac501f6b621be86066c77b98aee3b3,259.207864197004518992,1,1752066729
0xd6cdcdf4eb278dda0f41209497163f6c08a96d6f,258.336645045867626714,1,1750255593
0x57168001d81caa89e0c3d26b96647c00863eff70,241.465141970063651346,1,1750275943
0xf68da68c7894b62aaa893d49f3b119177c98de69,238.221465338196751706,1,1750730687
0x1419881918b59d078315ef8f61496aa99e3d3eca,234.6433897102423109,1,1750344475
0x0a7c79e15737d5c307ad5ba0021433cb1142c97c,232.619780147031774249,1,1750255505
0xf3db3c370464cd7aec0e659126ff87afc284592b,232.47911695161173515,1,1750255541
0x5943e7c190b4bd5ae27d30b80def9d263391c610,230.728312840849967004,1,1750327835
0xe86c5dd664ed4357b1d9780bc603b59b3d74d0d3,228.504841696527723697,1,1750255787
0x4b0614526b275356ab0fe310d4fe7c6fc3310caa,227.661367218168034498,1,1750994033
0xec9d75c1ed653b680606a26f3db2f909afe27e6e,226.065891865828755463,1,1750327075
0x82648704da1695ab970d23575cf0a57135025814,225.107524026621366504,1,1750326995
0xa1acaddd259649d470b42c95738e5e89c8d8a233,225.090708606565946598,1,1750264673
0x7e9fd9a54594dca2d9b9aef188b370dfffbbdbb9,224.034570484222764063,1,1750349823
0xc2a475d1fe2281832df50936593e50d0fae8bdfd,223.879399318235499372,1,1750381821
0x44e9d72cd4028a877df47954781fe3f333df61c5,219.569658902424002218,1,1750350011
0x3b35c042ae25fe3d262158ec885cf7e042c58c42,215.774116812091262177,1,1750319281
0x79d98e0b7a9d2f22b8d4540906bea34c71492114,215.661645176300438488,1,1750319871
0x90079379bce55e41949de79e14c4aa6b21b68187,200.315694497100571626,1,1750929419
0x1ad3e1162064e49f40817661ab93b9487851b6bf,200.092513345956134286,1,1750288141
0x5996588443fd7c8a5b8fb326fbe2879eba2583cd,198.458885856714494348,1,1750288333
0xc100af61380e6a36bbca9107dcfaf8d298bbdd93,198.457182003645852557,1,1750288473
0x89aaad18923adfbc7a4d93494b32dda6a479e99a,189.239680420572915736,1,1750678657
0xc07fa44c3766717a2ec921e3f31648e74b3e67a4,188.844744888738138406,1,1750336581
0x513082ed460a0193c7afd1a3374c87f3b23677c7,187.882672575989128672,1,1750294547
0xf3e11d89b07e738f31de12e8d8cfa0eac7867a37,186.087421962924413324,1,1750335021
0x7607ac38e0108016e63d03a5d06d6296e16df763,183.884168547399978822,1,1750645151
0xcb7861b8a9c8668f408622f1a8ea4e9dedda740b,183.883210066592904174,1,1750645717
0x1a6bc7e974f9be2e6b67add7ab8b67941270dbf6,183.882251593283563822,1,1750646263
0xd06b80d35669cce36e6ac3d3cc8e46b070afa046,181.601373078966149441,1,1750643011
0xaa7eacbb29ea5906cb089eaae7fc5b12e5299141,181.600432382112256185,1,1750643735
0x2d3bd5e61d61e1e84347435ce64f71bd37edd00a,181.599491692571232149,1,1750644279
0x77fc050cab8470d46bbdb612bb13404d3007ecc5,179.231648381777541888,1,1750256049
0x934b83526c968361971e48532d50c10e29dd8d96,177.466837874846053274,1,1750259643
0x3d21b153a6ddbe19eac213817325f4eddcdb68a5,173.159848682145910767,1,1750509191
0xd5270a6edfc43a114f2b6094d6e5ed130d06d301,172.954174988225101991,1,1750489555
0x13d89af3564562e0a3819d52a812d9742f4f9885,172.953300420708990126,1,1750489587
0x1a246475fbbad68bd5f747453d3f42155be10386,172.53749738803035637,1,1750511685
0xf8ee164ed57cd2662c7459f6fe0c1b4fbd81039a,171.85311529452937721,1,1750846979
0x430fe79a0c9b97105003f8878697377a673261fd,171.065560509390398557,1,1750265879
0x40de2ecc59895a529406c31922eae1522103c431,168.322074512201816979,2,1750596621
0x76199b86c3a2f11c800390e9a24f1ba7f76d6dee,167.446639032097376124,1,1750255441
0xed1341ff024c42d95d779c64c748201e334ce696,167.444758868007078626,1,1750255441
0xe0ba6cb846b319cf0bd3714cd6039a5beb07fed1,163.154806771354520809,2,1750297755
0x94da11a4a55c67afe39b5c2250a503c059b27ce2,156.966305212757012406,1,1750470429
0x789f1613050b5bc29e384fd291bc5b31dc40a4bd,150.287487914218549943,1,1750255775
0x009c82ec2dc81fe2f761891165d5c9eb52953ef3,147.693942411455990035,1,1750299269
0xb959a0b4b7c3f0050252e04aa3487fcbed06df55,136.38277221986299083,1,1750428333
0x24436f12922cd8724c1050be937541d96bca1cf3,136.279751620687199154,1,1750472659
0x3ff817113ce8794b650f676bfc89d90fb699362d,133.150164614272730148,2,1750256981
0x6d35e1e8b296e8af536ccd98d943e95f90d565d7,115.321674525407605488,1,1750402239
0x84a2aaf20f2e45b93d957dfa0eeca16ffc2a3f56,112.188024719519051734,1,1750257115
0x8c26318e87efffd06c739bdc4cfe4c8f64d885f1,111.654924787259345162,1,1750949729
0xe578184bc88eb48485bba23a37b5509578d2ae38,101.556019290623324128,1,1750860079
0x65b7b592b19f60b9f272360a74f83755a4f31e27,94.81904704031951757,1,1750339141
0xcac0d9cf566c49b0e42d006494eede41d72d77a2,93.029460496360526464,1,1750334495
0xc5d8803a9fdf7e46123688f3639164a60e01796e,92.889750192945071572,1,1750604791
0xee1420f6db1bdf2fa8233197ff87eb93f580ea0a,92.682328011205860461,1,1750333895
0xf550e098c4b82cf7dec46cd1da33897e098d5e1d,92.283267856809134317,1,1750332261
0xb14a674aeff1b1b9bc790b85f0b342476d254846,92.256464282707139736,1,1750331639
0xa3ec3a4ed16357dfbe8359a030bf2e9a4c147f91,90.802027257163955411,1,1750641395
0xa97a19c690dd88a194d983bdc88c28a5c053a61e,87.040095407783063617,1,1750324217
0xcad1445ae976b8544858d60ab97cd7420727244f,87.039782592030060698,1,1750324295
0xba697980c4cd197b6660962ef8f7b809097252d1,86.800288920331806337,1,1750324729
0x95ee8dcefde7a1ecc6a59e2a37ba9766a4f66167,86.750095628342136177,1,1750358053
0xc82d6276ec1764a9ad0a0f3dc93e68fb5101a397,86.747917963724933494,1,1750358095
0xda05d4331a73e35abc7da87fdc9efe39eff4d67d,85.943547054425410879,1,1750320313
0x52f02ece9967df166aa9553fbad0140bb2f49bc3,68.121334712836047959,2,1750329041
0x9666d119f9effe467093c0b0333f156b52c0da7b,67.785927984533775475,1,1750954827
0x0403b37d070742b02b5e2ff8014aa2a5bb79c70a,64.439527957449618327,2,1750256003
0x505d4416a9f10dc38d6ba22dd3ec5ad9efba74bf,63.393602016650510288,1,1750303257
0x3e38dc27d3e8d47f8be9eb6fd72f6c03461d2761,62.847189371670246613,1,1750259251
0xa6d57b0930889fe07cffeabee79139b938b509d2,60.329827628642257791,1,1750394433
0x96ff511b31706d3408f58a0ac9334a2adf03da9a,60.312956845891916939,1,1750393649
0x6e7209d3b5d7fdffe45f86cf0b4bd273dac2fac0,59.823514510307870867,1,1750394433
0xf676ba62aad72722d4160354a7672d30135f4c5d,59.807314810220195483,1,1750393647
0xe3255d75d94ae093fa56cd2bbfc33cdd4bdff3b6,59.315354490126040183,1,1750394433
0x0d4c4dddbf9c73e83d4a1440c39325c40692ed8d,59.300208309504733416,1,1750393649
0x3e2c7cc2cdd7023eaf2ae445fa403cb852c77be9,58.968785421392858838,1,1750265163
0x89ec3a6a0113c6c0dee0837af4de9cf1a720f966,58.808773693656782847,1,1750394433
0xdb3a2e54d28a8efbf6a1158e215cdb7e4570736f,58.793108616270139932,1,1750393649
0x4d844d9a2b1ffef1c0adaf10ed2022517e1bb83a,58.775654883118990855,1,1750392193
0x2505913ed8276f5740193f2172f5f430234c071e,58.3020664489030407,1,1750394433
0xb7db846c2883fe89fc8a1c79775a85bea120f9e1,58.286015671502387509,1,1750393649
0xd633012489abe06686fadbe6986e656d87a8b3ce,58.281873922427517889,1,1750392193
0x7a21551d5045463014a985204aaf6a3d5ec9a4d5,57.795345638183729568,1,1750394433
0x8cdf80763a9a0b7b774d3452d2e64710bf35569a,57.787698315253077018,1,1750392193
0x9ba7e03ff3fc8054a22c7edb0ca4a3e083ee7f92,57.778929416189406681,1,1750393649
0xc9ce0bb3616abc34df7b243fbbd45898aa1ae5b2,57.293658688433934384,1,1750392193
0x26b30cb4d53c1a4e572a172cdb28a78683760103,57.287606787933368296,1,1750394433
0xaff31a9eb6cc3b04bc5d1f2897cf7c98be21636f,57.272978376605033436,1,1750393647
0x314752eff62545a6b9384c0903e0af750deb74d3,57.188620169678242941,1,1750390627
0x24295b8c1a43e85dbde8ad07b3c78f8c95b910e4,57.13170257401829137,2,1750262807
0x876f784d4b91fff4a7831603ec4d68dc634c2d4d,56.881874653121653611,1,1750431909
0xae2893a37cf59e2d63fe982f97b79ff1462ca210,56.80025793785141826,1,1750392193
0x04b7028a76c908dbb50949a68166da8bc943ae88,56.781267863945476565,1,1750394433
0x85b57695d2cbaf85ab2db52a7fb47a99627efcdd,56.765885429343217605,1,1750393649
0x192e0e3c37540dbd433c6a4db90dec028ec26897,56.707551863568737426,1,1750390751
0x69542e98f817764ab4d9bb1609e6b3653a1301c3,56.509718815250416501,1,1750259065
0xdfaa2ce9848cd62fe387ad960e706e398b2fd511,56.305354482443042629,1,1750392193
0x45e1f9cdd7d02d321a9daae77beed048458e3a07,56.273788980728252744,1,1750394433
0x33e934a73cac00c3b13c7eeb789904af205e5663,56.258799171602411997,1,1750393649
0x0a0dbb3e26bdae041dec99fdd323a821f1567b97,56.227104048338583997,1,1750390703
0x238f6a7f92b2048d4ad314e5d965bc926e4e592b,55.812549068764057913,1,1750392193
0x3ab77e00240fee5be2ed310dc65b292113c04ad0,55.767559810098832688,1,1750394433
0xefaece7b26c68522cdeb6d2e7cd98cfc14b7b43d,55.751719544371324987,1,1750393649
0xcabfc79a7827753349e6edfb06f944d9bab81cf0,55.747367273955451115,1,1750390627
0x2fa476bc354195bbc8cd644ed3fc0b7d7e764b65,55.317660811335529791,1,1750392193
0xa617acd0ce546550e1cc7688526afea0ab5bd2bc,55.266906966400869884,1,1750390627
0x5d8314ba698e9c509ab7358917e5333c43a674e9,54.823985405750571439,1,1750392193
0x59269ca08b0d28a22bd9313638daf8e13281e234,54.786086886704323634,1,1750390627
0x39a7a9d1fcfdae5fa71e38b75e103c9b694cde73,54.329960791964528338,1,1750392193
0x216c041b7173ad1fe72dd137e284a5fa4cf57416,54.304927725648098536,1,1750390689
0xbe802353310c7a9ac351bf8397cf68a3db74540a,53.824700985792479506,1,1750390627
0x97d8aa82a1b487ede49d5df87c8ba9604737d0ee,53.343891291936081756,1,1750390689
0x9967ba07819b26d002ac1534d1d46656e68fb736,52.863656328650728812,1,1750390627
0x08835c617723edc51ccfcc7d3d2ea47b5fdcdfaa,49.369765712848315628,1,1750257653
0x7030dfa325d782e44a240c239297777daca63fc8,47.504471104820032981,1,1753646533
0x3b9fc5456d3c37a78a626e50f4fc194335af6477,47.40886493077444556,1,1750339437
0xa6dee77be158a5b3e22b545065a5461804441ce1,46.499273236847598824,1,1750302009
0x1f2c5e955082614f062b5bac23db5c2d345a4701,43.174240020036140547,1,1750296955
0x42d2cc69212c727cb1850f05ef5c66a855839579,42.767372727599533741,1,1750322663
0x5e30ad459ed5d51ed776b72b21e0cdbb8b094814,42.268436374232731457,1,1750255665
0x2e4c37a338f2cbe32eb161a99c6eeae7d5d4b324,41.010809941600906529,1,1750298287
0x7ba2799c5b3189aa343db28bb61fb6d46c1f1d00,40.066062369266235949,1,1750293073
0x09f255af363ffceb95e626e6323f16c901ead4b1,39.584342762695472343,1,1750286923
0xf0db47c88a4a1c6cf7c77e2ac5017e6505ea1b3d,39.584274880509225075,1,1750287089
0x7cab8983ff7ad625016c7a4d18bbf901f16b8735,33.066037276099722252,1,1750257841
0xeb0c36d7a772eefe31ec94339155e51bc7ecc12e,31.42047770784408823,1,1750303303
0xf5995a99608e64f17514f0dc2617e53be57ce108,28.45713359894676303,1,1750302787
0x91d8b02944fa107919d6b82d3305ce684286841e,28.30388356257572753,1,1750305547
0xb4589c666e700daa7d7d5e901d2c7cc845d8ef20,27.033187296530321392,1,1750267435
0x00b15cc44d2e7cbd8a86f612502b11ae58de9a52,25.161094101632792916,3,1750257533
0x498581ff718922c3f8e6a244956af099b2652b2b,23.959969928097204032,4,1750256637
0x54b7c907e3f8c8714c31ee5c4c4d3ccceb9cd45c,23.329468057049660873,1,1750302337
0xff0f43660c82c48ac1ab5294cb6e6b138d7cb17a,20.604591221918811085,1,1750430325
0x407d41430eb16f28135211f71463013a514c7a27,19.228122976042469905,1,1750304183
0x6c791544bdcece29f725e485474f6f69a64db496,15.3986747991762398,3,1750257185
0x458dbf62e68463fe0b14c0f8dd69e695d23ca0cb,9.593039394923690662,1,1750256611
0x9922b2d92e9b3ca3fdc41326328f1d5a87d3232d,7.726258910806200173,1,1750295169
0xf3ae9032a83ebbefd59860d7b363bfd918e26ac2,7.409223560284901384,1,1752712911
0xc3f0326736f43d3953a4f56a33be21007a950ad3,5.766467343734097984,1,1750508061
0xdbffe79ecbc49f879faa014d42df5dec2ffd9d46,4.939740816418073238,1,1750275541
0x79792e63e75d6d883a55c7e5c4d1bccd49221786,2.115874024235979049,1,1750255677
0xf416c9091301c56b015c6448b40d05e21f9149e9,0.000168473727166631,1,1751446557
0x04007f3b642632552ebd88c3a388eda0f5f006ca,0.000161272263647407,1,1750352451
